Datei;Lizenz;Quelle
Bild 2 - Lichtzeichen, BOStab 1987.png;Public domain;https://commons.wikimedia.org/wiki/File:Bild_2_-_Lichtzeichen,_BOStab_1987.svg
Bild 3 - Lichtzeichen mit Halbschranke, BOStab 1987.png;Public domain;https://commons.wikimedia.org/wiki/File:Bild_3_-_Lichtzeichen_mit_Halbschranke,_BOStab_1987.svg
Collage historischer und aktueller Verkehrszeichen.png;Public domain;https://commons.wikimedia.org/wiki/File:Collage_historischer_und_aktueller_Verkehrszeichen.svg
Hinweiszeichen Wasserschutzgebiet, BStMI 2016.png;Public domain;https://commons.wikimedia.org/wiki/File:Hinweiszeichen_Wasserschutzgebiet,_BStMI_2016.svg
Lichtzeichen, EBO 1991.png;Public domain;https://commons.wikimedia.org/wiki/File:Lichtzeichen,_EBO_1991.svg
Lichtzeichen mit Halbschranke, EBO 1991.png;Public domain;https://commons.wikimedia.org/wiki/File:Lichtzeichen_mit_Halbschranke,_EBO_1991.svg
Nichtamtliches Hinweiszeichen - Evangelischer Gottesdienst, Ausführung seit 1982.png;CC0;https://commons.wikimedia.org/wiki/File:Nichtamtliches_Hinweiszeichen_-_Evangelischer_Gottesdienst,_Ausf%C3%BChrung_seit_1982.svg
Nichtamtliches Hinweiszeichen - Heilige Messe und Evangelischer Gottesdienst.png;Public domain;https://commons.wikimedia.org/wiki/File:Nichtamtliches_Hinweiszeichen_-_Heilige_Messe_und_Evangelischer_Gottesdienst.svg
Nichtamtliches Hinweiszeichen - Katholische Messe, Ausführung seit 1982.png;CC0;https://commons.wikimedia.org/wiki/File:Nichtamtliches_Hinweiszeichen_-_Katholische_Messe,_Ausf%C3%BChrung_seit_1982.svg
RAL-Gütesiegel für Verkehrszeichen, 2013.png;CC0;https://commons.wikimedia.org/wiki/File:RAL-G%C3%BCtesiegel_f%C3%BCr_Verkehrszeichen,_2013.svg
RAL-Gütesiegel für Verkehrszeichen, 2014.png;CC0;https://commons.wikimedia.org/wiki/File:RAL-G%C3%BCtesiegel_f%C3%BCr_Verkehrszeichen,_2014.svg
Zeichen 1008-34 - keine Wendemöglichkeit, StVO 2017.png;Public domain;https://commons.wikimedia.org/wiki/File:Zeichen_1008-34_-_keine_Wendem%C3%B6glichkeit,_StVO_2017.svg
Zeichen 101-10 - Flugbetrieb, Aufstellung rechts, StVO 2017.png;Public domain;https://commons.wikimedia.org/wiki/File:Zeichen_101-10_-_Flugbetrieb,_Aufstellung_rechts,_StVO_2017.svg
Zeichen 101-11 - Fußgängerüberweg, StVO 2017.png;Public domain;https://commons.wikimedia.org/wiki/File:Zeichen_101-11_-_Fu%C3%9Fg%C3%A4nger%C3%BCberweg,_StVO_2017.svg
Zeichen 101-12 - Viehtrieb, StVO 2017.png;Public domain;https://commons.wikimedia.org/wiki/File:Zeichen_101-12_-_Viehtrieb,_StVO_2017.svg
Zeichen 101-13 - Reiter, StVO 2017.png;Public domain;https://commons.wikimedia.org/wiki/File:Zeichen_101-13_-_Reiter,_StVO_2017.svg
Zeichen 101-14 - Amphibienwanderung, StVO 2017.png;Public domain;https://commons.wikimedia.org/wiki/File:Zeichen_101-14_-_Amphibienwanderung,_StVO_2017.svg
Zeichen 101-15 - Steinschlag, StVO 2017.png;Public domain;https://commons.wikimedia.org/wiki/File:Zeichen_101-15_-_Steinschlag,_StVO_2017.svg
Zeichen 101-20 - Flugbetrieb, Aufstellung links, StVO 2017.png;Public domain;https://commons.wikimedia.org/wiki/File:Zeichen_101-20_-_Flugbetrieb,_Aufstellung_links,_StVO_2017.svg
Zeichen 101-21 - Fußgängerüberweg, Aufstellung links, StVO 2017.png;Public domain;https://commons.wikimedia.org/wiki/File:Zeichen_101-21_-_Fu%C3%9Fg%C3%A4nger%C3%BCberweg,_Aufstellung_links,_StVO_2017.svg
Zeichen 101-22 - Viehtrieb, Aufstellung links, StVO 2017.png;Public domain;https://commons.wikimedia.org/wiki/File:Zeichen_101-22_-_Viehtrieb,_Aufstellung_links,_StVO_2017.svg
Zeichen 101-23 - Reiter, Aufstellung links, StVO 2017.png;Public domain;https://commons.wikimedia.org/wiki/File:Zeichen_101-23_-_Reiter,_Aufstellung_links,_StVO_2017.svg
Zeichen 101-24 - Amphibienwanderung, Aufstellung links, StVO 2017.png;Public domain;https://commons.wikimedia.org/wiki/File:Zeichen_101-24_-_Amphibienwanderung,_Aufstellung_links,_StVO_2017.svg
Zeichen 101-25 - Steinschlag, Aufstellung links, StVO 2017.png;Public domain;https://commons.wikimedia.org/wiki/File:Zeichen_101-25_-_Steinschlag,_Aufstellung_links,_StVO_2017.svg
Zeichen 101-51 - Schnee- oder Eisglätte, StVO 2017.png;Public domain;https://commons.wikimedia.org/wiki/File:Zeichen_101-51_-_Schnee-_oder_Eisgl%C3%A4tte,_StVO_2017.svg
Zeichen 101-52 - Splitt, Schotter, StVO 2017.png;Public domain;https://commons.wikimedia.org/wiki/File:Zeichen_101-52_-_Splitt,_Schotter,_StVO_2017.svg
Zeichen 101-53 - Ufer, StVO 2017.png;Public domain;https://commons.wikimedia.org/wiki/File:Zeichen_101-53_-_Ufer,_StVO_2017.svg
Zeichen 101-54 - Unzureichendes Lichtraumprofil, StVO 2017.png;Public domain;https://commons.wikimedia.org/wiki/File:Zeichen_101-54_-_Unzureichendes_Lichtraumprofil,_StVO_2017.svg
Zeichen 101-55 - Bewegliche Brücke, StVO 2017.png;Public domain;https://commons.wikimedia.org/wiki/File:Zeichen_101-55_-_Bewegliche_Br%C3%BCcke,_StVO_2017.svg
Zeichen 101 - Gefahrstelle, StVO 1970.png;Public domain;https://commons.wikimedia.org/wiki/File:Zeichen_101_-_Gefahrstelle,_StVO_1970.svg
Zeichen 102 - Kreuzung oder Einmündung mit Vorfahrt von rechts, StVO 1970.png;Public domain;https://commons.wikimedia.org/wiki/File:Zeichen_102_-_Kreuzung_oder_Einm%C3%BCndung_mit_Vorfahrt_von_rechts,_StVO_1970.svg
Zeichen 103-10 - Kurve (links), StVO 1992.png;Public domain;https://commons.wikimedia.org/wiki/File:Zeichen_103-10_-_Kurve_(links),_StVO_1992.svg
Zeichen 103-20 - Kurve (rechts), StVO 1992.png;Public domain;https://commons.wikimedia.org/wiki/File:Zeichen_103-20_-_Kurve_(rechts),_StVO_1992.svg
Zeichen 105-10 - Doppelkurve (zunächst links), StVO 1992.png;Public domain;https://commons.wikimedia.org/wiki/File:Zeichen_105-10_-_Doppelkurve_(zun%C3%A4chst_links),_StVO_1992.svg
Zeichen 105-20 - Doppelkurve (zunächst rechts), StVO 1992.png;Public domain;https://commons.wikimedia.org/wiki/File:Zeichen_105-20_-_Doppelkurve_(zun%C3%A4chst_rechts),_StVO_1992.svg
Zeichen 108-10 - Gefälle, StVO 2017.png;Public domain;https://commons.wikimedia.org/wiki/File:Zeichen_108-10_-_Gef%C3%A4lle,_StVO_2017.svg
Zeichen 108-11 - Gefälle, StVO 2017.png;Public domain;https://commons.wikimedia.org/wiki/File:Zeichen_108-11_-_Gef%C3%A4lle,_StVO_2017.svg
Zeichen 108-12 - Gefälle, StVO 2017.png;Public domain;https://commons.wikimedia.org/wiki/File:Zeichen_108-12_-_Gef%C3%A4lle,_StVO_2017.svg
Zeichen 108-13 - Gefälle, StVO 2017.png;Public domain;https://commons.wikimedia.org/wiki/File:Zeichen_108-13_-_Gef%C3%A4lle,_StVO_2017.svg
Zeichen 108-14 - Gefälle, StVO 2017.png;Public domain;https://commons.wikimedia.org/wiki/File:Zeichen_108-14_-_Gef%C3%A4lle,_StVO_2017.svg
Zeichen 108-15 - Gefälle, StVO 2017.png;Public domain;https://commons.wikimedia.org/wiki/File:Zeichen_108-15_-_Gef%C3%A4lle,_StVO_2017.svg
Zeichen 108-16 - Gefälle, StVO 2017.png;Public domain;https://commons.wikimedia.org/wiki/File:Zeichen_108-16_-_Gef%C3%A4lle,_StVO_2017.svg
Zeichen 108-17 - Gefälle, StVO 2017.png;Public domain;https://commons.wikimedia.org/wiki/File:Zeichen_108-17_-_Gef%C3%A4lle,_StVO_2017.svg
Zeichen 108-18 - Gefälle, StVO 2017.png;Public domain;https://commons.wikimedia.org/wiki/File:Zeichen_108-18_-_Gef%C3%A4lle,_StVO_2017.svg
Zeichen 108-19 - Gefälle, StVO 2017.png;Public domain;https://commons.wikimedia.org/wiki/File:Zeichen_108-19_-_Gef%C3%A4lle,_StVO_2017.svg
Zeichen 108-20 - Gefälle, StVO 2017.png;Public domain;https://commons.wikimedia.org/wiki/File:Zeichen_108-20_-_Gef%C3%A4lle,_StVO_2017.svg
Zeichen 108-21 - Gefälle, StVO 2017.png;Public domain;https://commons.wikimedia.org/wiki/File:Zeichen_108-21_-_Gef%C3%A4lle,_StVO_2017.svg
Zeichen 108-22 - Gefälle, StVO 2017.png;Public domain;https://commons.wikimedia.org/wiki/File:Zeichen_108-22_-_Gef%C3%A4lle,_StVO_2017.svg
Zeichen 108-23 - Gefälle, StVO 2017.png;Public domain;https://commons.wikimedia.org/wiki/File:Zeichen_108-23_-_Gef%C3%A4lle,_StVO_2017.svg
Zeichen 108-24 - Gefälle, StVO 2017.png;Public domain;https://commons.wikimedia.org/wiki/File:Zeichen_108-24_-_Gef%C3%A4lle,_StVO_2017.svg
Zeichen 108-25 - Gefälle, StVO 2017.png;Public domain;https://commons.wikimedia.org/wiki/File:Zeichen_108-25_-_Gef%C3%A4lle,_StVO_2017.svg
Zeichen 108-4 - Gefälle, StVO 2017.png;Public domain;https://commons.wikimedia.org/wiki/File:Zeichen_108-4_-_Gef%C3%A4lle,_StVO_2017.svg
Zeichen 108-5 - Gefälle, StVO 2017.png;Public domain;https://commons.wikimedia.org/wiki/File:Zeichen_108-5_-_Gef%C3%A4lle,_StVO_2017.svg
Zeichen 108-6 - Gefälle, StVO 2017.png;Public domain;https://commons.wikimedia.org/wiki/File:Zeichen_108-6_-_Gef%C3%A4lle,_StVO_2017.svg
Zeichen 108-7 - Gefälle, StVO 2017.png;Public domain;https://commons.wikimedia.org/wiki/File:Zeichen_108-7_-_Gef%C3%A4lle,_StVO_2017.svg
Zeichen 108-8 - Gefälle, StVO 2017.png;Public domain;https://commons.wikimedia.org/wiki/File:Zeichen_108-8_-_Gef%C3%A4lle,_StVO_2017.svg
Zeichen 108-9 - Gefälle, StVO 2017.png;Public domain;https://commons.wikimedia.org/wiki/File:Zeichen_108-9_-_Gef%C3%A4lle,_StVO_2017.svg
Zeichen 110-10 - Steigung, StVO 2017.png;Public domain;https://commons.wikimedia.org/wiki/File:Zeichen_110-10_-_Steigung,_StVO_2017.svg
Zeichen 110-11 - Steigung, StVO 2017.png;Public domain;https://commons.wikimedia.org/wiki/File:Zeichen_110-11_-_Steigung,_StVO_2017.svg
Zeichen 110-12 - Steigung, StVO 2017.png;Public domain;https://commons.wikimedia.org/wiki/File:Zeichen_110-12_-_Steigung,_StVO_2017.svg
Zeichen 110-13 - Steigung, StVO 2017.png;Public domain;https://commons.wikimedia.org/wiki/File:Zeichen_110-13_-_Steigung,_StVO_2017.svg
Zeichen 110-14 - Steigung, StVO 2017.png;Public domain;https://commons.wikimedia.org/wiki/File:Zeichen_110-14_-_Steigung,_StVO_2017.svg
Zeichen 110-15 - Steigung, StVO 2017.png;Public domain;https://commons.wikimedia.org/wiki/File:Zeichen_110-15_-_Steigung,_StVO_2017.svg
Zeichen 110-16 - Steigung, StVO 2017.png;Public domain;https://commons.wikimedia.org/wiki/File:Zeichen_110-16_-_Steigung,_StVO_2017.svg
Zeichen 110-17 - Steigung, StVO 2017.png;Public domain;https://commons.wikimedia.org/wiki/File:Zeichen_110-17_-_Steigung,_StVO_2017.svg
Zeichen 110-18 - Steigung, StVO 2017.png;Public domain;https://commons.wikimedia.org/wiki/File:Zeichen_110-18_-_Steigung,_StVO_2017.svg
Zeichen 110-19 - Steigung, StVO 2017.png;Public domain;https://commons.wikimedia.org/wiki/File:Zeichen_110-19_-_Steigung,_StVO_2017.svg
Zeichen 110-20 - Steigung, StVO 2017.png;Public domain;https://commons.wikimedia.org/wiki/File:Zeichen_110-20_-_Steigung,_StVO_2017.svg
Zeichen 110-21 - Steigung, StVO 2017.png;Public domain;https://commons.wikimedia.org/wiki/File:Zeichen_110-21_-_Steigung,_StVO_2017.svg
Zeichen 110-22 - Steigung, StVO 2017.png;Public domain;https://commons.wikimedia.org/wiki/File:Zeichen_110-22_-_Steigung,_StVO_2017.svg
Zeichen 110-23 - Steigung, StVO 2017.png;Public domain;https://commons.wikimedia.org/wiki/File:Zeichen_110-23_-_Steigung,_StVO_2017.svg
Zeichen 110-24 - Steigung, StVO 2017.png;Public domain;https://commons.wikimedia.org/wiki/File:Zeichen_110-24_-_Steigung,_StVO_2017.svg
Zeichen 110-25 - Steigung, StVO 2017.png;Public domain;https://commons.wikimedia.org/wiki/File:Zeichen_110-25_-_Steigung,_StVO_2017.svg
Zeichen 110-4 - Steigung, StVO 2017.png;Public domain;https://commons.wikimedia.org/wiki/File:Zeichen_110-4_-_Steigung,_StVO_2017.svg
Zeichen 110-5 - Steigung, StVO 2017.png;Public domain;https://commons.wikimedia.org/wiki/File:Zeichen_110-5_-_Steigung,_StVO_2017.svg
Zeichen 110-6 - Steigung, StVO 2017.png;Public domain;https://commons.wikimedia.org/wiki/File:Zeichen_110-6_-_Steigung,_StVO_2017.svg
Zeichen 110-7 - Steigung, StVO 2017.png;Public domain;https://commons.wikimedia.org/wiki/File:Zeichen_110-7_-_Steigung,_StVO_2017.svg
Zeichen 110-8 - Steigung, StVO 2017.png;Public domain;https://commons.wikimedia.org/wiki/File:Zeichen_110-8_-_Steigung,_StVO_2017.svg
Zeichen 110-9 - Steigung, StVO 2017.png;Public domain;https://commons.wikimedia.org/wiki/File:Zeichen_110-9_-_Steigung,_StVO_2017.svg
Zeichen 112 – Unebene Fahrbahn, StVO 1970.png;Public domain;https://commons.wikimedia.org/wiki/File:Zeichen_112_%E2%80%93_Unebene_Fahrbahn,_StVO_1970.svg
Zeichen 114 - Schleuder- oder Rutschgefahr, StVO 2013.png;Public domain;https://commons.wikimedia.org/wiki/File:Zeichen_114_-_Schleuder-_oder_Rutschgefahr,_StVO_2013.svg
Zeichen 117-10 - Seitenwind von rechts, StVO 1992.png;Public domain;https://commons.wikimedia.org/wiki/File:Zeichen_117-10_-_Seitenwind_von_rechts,_StVO_1992.svg
Zeichen 117-20 - Seitenwind von links, StVO 1992.png;Public domain;https://commons.wikimedia.org/wiki/File:Zeichen_117-20_-_Seitenwind_von_links,_StVO_1992.svg
Zeichen 120 - Verengte Fahrbahn, StVO 1970.png;Public domain;https://commons.wikimedia.org/wiki/File:Zeichen_120_-_Verengte_Fahrbahn,_StVO_1970.svg
Zeichen 121-10 - einseitig (rechts) verengte Fahrbahn, StVO 1992.png;Public domain;https://commons.wikimedia.org/wiki/File:Zeichen_121-10_-_einseitig_(rechts)_verengte_Fahrbahn,_StVO_1992.svg
Zeichen 121-20 - einseitig (links) verengte Fahrbahn, StVO 1992.png;Public domain;https://commons.wikimedia.org/wiki/File:Zeichen_121-20_-_einseitig_(links)_verengte_Fahrbahn,_StVO_1992.svg
Zeichen 123 - Arbeitsstelle, StVO 2013.png;Public domain;https://commons.wikimedia.org/wiki/File:Zeichen_123_-_Arbeitsstelle,_StVO_2013.svg
Zeichen 124 - Stau, StVO 1992.png;Public domain;https://commons.wikimedia.org/wiki/File:Zeichen_124_-_Stau,_StVO_1992.svg
Zeichen 125 - Gegenverkehr, StVO 1992.png;Public domain;https://commons.wikimedia.org/wiki/File:Zeichen_125_-_Gegenverkehr,_StVO_1992.svg
Zeichen 131 - Lichtzeichenanlage, StVO 1970.png;Public domain;https://commons.wikimedia.org/wiki/File:Zeichen_131_-_Lichtzeichenanlage,_StVO_1970.svg
Zeichen 133-10 - Fußgänger (Aufstellung rechts), StVO 1992.png;Public domain;https://commons.wikimedia.org/wiki/File:Zeichen_133-10_-_Fu%C3%9Fg%C3%A4nger_(Aufstellung_rechts),_StVO_1992.svg
Zeichen 133-20 - Fußgänger, Aufstellung links, StVO 1992.png;Public domain;https://commons.wikimedia.org/wiki/File:Zeichen_133-20_-_Fu%C3%9Fg%C3%A4nger,_Aufstellung_links,_StVO_1992.svg
Zeichen 136-10 - Kinder, Aufstellung rechts, StVO 1992.png;Public domain;https://commons.wikimedia.org/wiki/File:Zeichen_136-10_-_Kinder,_Aufstellung_rechts,_StVO_1992.svg
Zeichen 136-20 - Kinder, Aufstellung links, StVO 1992.png;Public domain;https://commons.wikimedia.org/wiki/File:Zeichen_136-20_-_Kinder,_Aufstellung_links,_StVO_1992.svg
Zeichen 138-10 - Radverkehr, StVO 2013.png;Public domain;https://commons.wikimedia.org/wiki/File:Zeichen_138-10_-_Radverkehr,_StVO_2013.svg
Zeichen 138-20 - Radverkehr - Aufstellung links, StVO 2013.png;Public domain;https://commons.wikimedia.org/wiki/File:Zeichen_138-20_-_Radverkehr_-_Aufstellung_links,_StVO_2013.svg
Zeichen 142-10 - Wildwechsel, Aufstellung rechts, StVO 1992.png;Public domain;https://commons.wikimedia.org/wiki/File:Zeichen_142-10_-_Wildwechsel,_Aufstellung_rechts,_StVO_1992.svg
Zeichen 142-20 - Wildwechsel, Aufstellung links, StVO 1992.png;Public domain;https://commons.wikimedia.org/wiki/File:Zeichen_142-20_-_Wildwechsel,_Aufstellung_links,_StVO_1992.svg
Zeichen 145 - Kraftomnibusse, StVO 1992.png;Public domain;https://commons.wikimedia.org/wiki/File:Zeichen_145_-_Kraftomnibusse,_StVO_1992.svg
Zeichen 150 - Beschrankter Bahnübergang, StVO 1992.png;Public domain;https://commons.wikimedia.org/wiki/File:Zeichen_150_-_Beschrankter_Bahn%C3%BCbergang,_StVO_1992.svg
Zeichen 151 - Bahnübergang, StVO 2013.png;Public domain;https://commons.wikimedia.org/wiki/File:Zeichen_151_-_Bahn%C3%BCbergang,_StVO_2013.svg
Zeichen 153 - dreistreifige Bake (links) vor beschranktem Bahnübergang, StVO 1970.png;Public domain;https://commons.wikimedia.org/wiki/File:Zeichen_153_-_dreistreifige_Bake_(links)_vor_beschranktem_Bahn%C3%BCbergang,_StVO_1970.svg
Zeichen 156-10 - Bahnübergang mit dreistreifiger Bake, StVO 2013.png;Public domain;https://commons.wikimedia.org/wiki/File:Zeichen_156-10_-_Bahn%C3%BCbergang_mit_dreistreifiger_Bake,_StVO_2013.svg
"Zeichen 156-11 - Bahnübergang mit dreistreifiger Bake, mit Entfernungsangabe - Aufstellung rechts; StVO 2013.png";Public domain;"https://commons.wikimedia.org/wiki/File:Zeichen_156-11_-_Bahn%C3%BCbergang_mit_dreistreifiger_Bake,_mit_Entfernungsangabe_-_Aufstellung_rechts;_StVO_2013.svg"
Zeichen 156-20 - Bahnübergang mit dreistreifiger Bake, Aufstellung links, StVO 2013.png;Public domain;https://commons.wikimedia.org/wiki/File:Zeichen_156-20_-_Bahn%C3%BCbergang_mit_dreistreifiger_Bake,_Aufstellung_links,_StVO_2013.svg
"Zeichen 156-21 - Bahnübergang mit dreistreifiger Bake, mit Entfernungsangabe - Aufstellung links; StVO 2013.png";Public domain;"https://commons.wikimedia.org/wiki/File:Zeichen_156-21_-_Bahn%C3%BCbergang_mit_dreistreifiger_Bake,_mit_Entfernungsangabe_-_Aufstellung_links;_StVO_2013.svg"
Zeichen 157-10 - Dreistreifige Bake (rechts), StVO 1992.png;Public domain;https://commons.wikimedia.org/wiki/File:Zeichen_157-10_-_Dreistreifige_Bake_(rechts),_StVO_1992.svg
Zeichen 157-11 - dreistreifige Bake (Aufstellung rechts), StVO 1992.png;Public domain;https://commons.wikimedia.org/wiki/File:Zeichen_157-11_-_dreistreifige_Bake_(Aufstellung_rechts),_StVO_1992.svg
Zeichen 157-20 - Dreistreifige Bake (links), StVO 1992.png;Public domain;https://commons.wikimedia.org/wiki/File:Zeichen_157-20_-_Dreistreifige_Bake_(links),_StVO_1992.svg
"Zeichen 157-21 -Dreistreifige Bake mit Entfernungsangabe - Aufstellung links; StVO 2013.png";Public domain;"https://commons.wikimedia.org/wiki/File:Zeichen_157-21_-Dreistreifige_Bake_mit_Entfernungsangabe_-_Aufstellung_links;_StVO_2013.svg"
Zeichen 159-10 - zweistreifige Bake (Aufstellung rechts), StVO 1992.png;Public domain;https://commons.wikimedia.org/wiki/File:Zeichen_159-10_-_zweistreifige_Bake_(Aufstellung_rechts),_StVO_1992.svg
Zeichen 159-11 - zweistreifige Bake mit Entfernungsangabe (Aufstellung rechts), StVO 1992.png;Public domain;https://commons.wikimedia.org/wiki/File:Zeichen_159-11_-_zweistreifige_Bake_mit_Entfernungsangabe_(Aufstellung_rechts),_StVO_1992.svg
Zeichen 159-20 - zweistreifige Bake (Aufstellung links), StVO 1992.png;Public domain;https://commons.wikimedia.org/wiki/File:Zeichen_159-20_-_zweistreifige_Bake_(Aufstellung_links),_StVO_1992.svg
Zeichen 159-21 - zweistreifige Bake mit Entfernungsangabe (Aufstellung links), StVO 1992.png;Public domain;https://commons.wikimedia.org/wiki/File:Zeichen_159-21_-_zweistreifige_Bake_mit_Entfernungsangabe_(Aufstellung_links),_StVO_1992.svg
Zeichen 162-10 - einstreifige Bake (Aufstellung rechts), StVO 1992.png;Public domain;https://commons.wikimedia.org/wiki/File:Zeichen_162-10_-_einstreifige_Bake_(Aufstellung_rechts),_StVO_1992.svg
Zeichen 162-11 - einstreifige Bake mit Entfernungsangabe (Aufstellung rechts), StVO 1992.png;Public domain;https://commons.wikimedia.org/wiki/File:Zeichen_162-11_-_einstreifige_Bake_mit_Entfernungsangabe_(Aufstellung_rechts),_StVO_1992.svg
Zeichen 162-20 - einstreifige Bake (Aufstellung links), StVO 1992.png;Public domain;https://commons.wikimedia.org/wiki/File:Zeichen_162-20_-_einstreifige_Bake_(Aufstellung_links),_StVO_1992.svg
Zeichen 162-21 - einstreifige Bake mit Entfernungsangabe (Aufstellung links), StVO 1992.png;Public domain;https://commons.wikimedia.org/wiki/File:Zeichen_162-21_-_einstreifige_Bake_mit_Entfernungsangabe_(Aufstellung_links),_StVO_1992.svg
Zeichen 201-50 – Andreaskreuz - Dem Schienenverkehr Vorrang gewähren! StVO 1992.png;Public domain;https://commons.wikimedia.org/wiki/File:Zeichen_201-50_%E2%80%93_Andreaskreuz_-_Dem_Schienenverkehr_Vorrang_gew%C3%A4hren!_StVO_1992.svg
Zeichen 201-51 - Andreaskreuz (stehend) mit Blitzpfeil, StVO 1992.png;Public domain;https://commons.wikimedia.org/wiki/File:Zeichen_201-51_-_Andreaskreuz_(stehend)_mit_Blitzpfeil,_StVO_1992.svg
Zeichen 201-53 - Andreaskreuz mit Blitzpfeil (liegend), StVO 1992, 2013.png;Public domain;https://commons.wikimedia.org/wiki/File:Zeichen_201-53_-_Andreaskreuz_mit_Blitzpfeil_(liegend),_StVO_1992,_2013.svg
Zeichen 201 - Andreaskreuz (liegend), StVO 1970.png;Public domain;https://commons.wikimedia.org/wiki/File:Zeichen_201_-_Andreaskreuz_(liegend),_StVO_1970.svg
Zeichen 205.png;Public domain;https://commons.wikimedia.org/wiki/File:Zeichen_205_-_Vorfahrt_gew%C3%A4hren!_StVO_1970.svg
Zeichen 205 - Vorfahrt gewähren! StVO 1970.png;Public domain;https://commons.wikimedia.org/wiki/File:Zeichen_205_-_Vorfahrt_gew%C3%A4hren!_StVO_1970.svg
Zeichen 206 - Halt! Vorfahrt gewähren! StVO 2017.png;Public domain;https://commons.wikimedia.org/wiki/File:Zeichen_206_-_Halt!_Vorfahrt_gew%C3%A4hren!_StVO_2017.svg
Zeichen 208.png;Public domain;https://commons.wikimedia.org/wiki/File:Zeichen_208_-_Dem_Gegenverkehr_Vorrang_gew%C3%A4hren!_600x600,_StVO_1992.svg
Zeichen 208 - Dem Gegenverkehr Vorrang gewähren! 600x600, StVO 1992.png;Public domain;https://commons.wikimedia.org/wiki/File:Zeichen_208_-_Dem_Gegenverkehr_Vorrang_gew%C3%A4hren!_600x600,_StVO_1992.svg
Zeichen 209-10 - Vorgeschriebene Fahrtrichtung, links, StVO 2017.png;Public domain;https://commons.wikimedia.org/wiki/File:Zeichen_209-10_-_Vorgeschriebene_Fahrtrichtung,_links,_StVO_2017.svg
Zeichen 209-30 - Vorgeschriebene Fahrtrichtung, Geradeaus, StVO 2017.png;Public domain;https://commons.wikimedia.org/wiki/File:Zeichen_209-30_-_Vorgeschriebene_Fahrtrichtung,_Geradeaus,_StVO_2017.svg
Zeichen 209 - Vorgeschriebene Fahrtrichtung, rechts, StVO 2017.png;Public domain;https://commons.wikimedia.org/wiki/File:Zeichen_209_-_Vorgeschriebene_Fahrtrichtung,_rechts,_StVO_2017.svg
Zeichen 211-10 - Vorgeschriebene Fahrtrichtung, hier links, StVO 2017.png;Public domain;https://commons.wikimedia.org/wiki/File:Zeichen_211-10_-_Vorgeschriebene_Fahrtrichtung,_hier_links,_StVO_2017.svg
Zeichen 211 - Vorgeschriebene Fahrtrichtung, hier rechts, StVO 2017.png;Public domain;https://commons.wikimedia.org/wiki/File:Zeichen_211_-_Vorgeschriebene_Fahrtrichtung,_hier_rechts,_StVO_2017.svg
Zeichen 214-10 - Vorgeschriebene Fahrtrichtung, Geradeaus oder links, StVO 2017.png;Public domain;https://commons.wikimedia.org/wiki/File:Zeichen_214-10_-_Vorgeschriebene_Fahrtrichtung,_Geradeaus_oder_links,_StVO_2017.svg
Zeichen 214-30 - Vorgeschriebene Fahrtrichtung, Rechts oder links, StVO 2017.png;Public domain;https://commons.wikimedia.org/wiki/File:Zeichen_214-30_-_Vorgeschriebene_Fahrtrichtung,_Rechts_oder_links,_StVO_2017.svg
Zeichen 214 - Vorgeschriebene Fahrtrichtung, Geradeaus oder rechts, StVO 2017.png;Public domain;https://commons.wikimedia.org/wiki/File:Zeichen_214_-_Vorgeschriebene_Fahrtrichtung,_Geradeaus_oder_rechts,_StVO_2017.svg
Zeichen 215 - Kreisverkehr, StVO 2000.png;Public domain;https://commons.wikimedia.org/wiki/File:Zeichen_215_-_Kreisverkehr,_StVO_2000.svg
Zeichen 220-10 - Einbahnstraße, linksweisend, StVO 2017.png;Public domain;https://commons.wikimedia.org/wiki/File:Zeichen_220-10_-_Einbahnstra%C3%9Fe,_linksweisend,_StVO_2017.svg
Zeichen 220-20 - Einbahnstraße, rechtsweisend, StVO 2017.png;Public domain;https://commons.wikimedia.org/wiki/File:Zeichen_220-20_-_Einbahnstra%C3%9Fe,_rechtsweisend,_StVO_2017.svg
Zeichen 222-10 - Vorgeschriebene Vorbeifahrt, Links vorbei, StVO 2017.png;Public domain;https://commons.wikimedia.org/wiki/File:Zeichen_222-10_-_Vorgeschriebene_Vorbeifahrt,_Links_vorbei,_StVO_2017.svg
Zeichen 222 - Vorgeschriebene Vorbeifahrt, Rechts vorbei, StVO 2017.png;Public domain;https://commons.wikimedia.org/wiki/File:Zeichen_222_-_Vorgeschriebene_Vorbeifahrt,_Rechts_vorbei,_StVO_2017.svg
Zeichen 223.1-50 - Seitenstreifen befahren, 2 Fahrstreifen u. Seitenstreifen, StVO 2017.png;Public domain;https://commons.wikimedia.org/wiki/File:Zeichen_223.1-50_-_Seitenstreifen_befahren,_2_Fahrstreifen_u._Seitenstreifen,_StVO_2017.svg
Zeichen 223.1-51 - Seitenstreifen befahrbar, 3 Fahrstreifen u. Seitenstreifen, StVO 2017.png;Public domain;https://commons.wikimedia.org/wiki/File:Zeichen_223.1-51_-_Seitenstreifen_befahrbar,_3_Fahrstreifen_u._Seitenstreifen,_StVO_2017.svg
Zeichen 223.1-52 - Seitenstreifen befahrbar, 4 Fahrstreifen u. Seitenstreifen, StVO 2017.png;Public domain;https://commons.wikimedia.org/wiki/File:Zeichen_223.1-52_-_Seitenstreifen_befahrbar,_4_Fahrstreifen_u._Seitenstreifen,_StVO_2017.svg
Zeichen 223.2-50 - Seitenstreifen nicht mehr befahren, 2 Fahrstreifen u. Seitenstreifen, StVO 2017.png;Public domain;https://commons.wikimedia.org/wiki/File:Zeichen_223.2-50_-_Seitenstreifen_nicht_mehr_befahren,_2_Fahrstreifen_u._Seitenstreifen,_StVO_2017.svg
Zeichen 223.2-51 - Seitenstreifen nicht mehr befahrbar, 3 Fahrstreifen u. Seitenstreifen, StVO 2017.png;Public domain;https://commons.wikimedia.org/wiki/File:Zeichen_223.2-51_-_Seitenstreifen_nicht_mehr_befahrbar,_3_Fahrstreifen_u._Seitenstreifen,_StVO_2017.svg
Zeichen 223.2-52 - Seitenstreifen nicht mehr befahren, 4 Fahrstreifen u. Seitenstreifen, StVO 2017.png;Public domain;https://commons.wikimedia.org/wiki/File:Zeichen_223.2-52_-_Seitenstreifen_nicht_mehr_befahren,_4_Fahrstreifen_u._Seitenstreifen,_StVO_2017.svg
Zeichen 223.3-50 - Seitenstreifen räumen, 2 Fahrstreifen u. Seitenstreifen, StVO 2017.png;Public domain;https://commons.wikimedia.org/wiki/File:Zeichen_223.3-50_-_Seitenstreifen_r%C3%A4umen,_2_Fahrstreifen_u._Seitenstreifen,_StVO_2017.svg
Zeichen 223.3-51 - Seitenstreifen räumen, 3 Fahrstreifen u. Seitenstreifen, StVO 2017.png;Public domain;https://commons.wikimedia.org/wiki/File:Zeichen_223.3-51_-_Seitenstreifen_r%C3%A4umen,_3_Fahrstreifen_u._Seitenstreifen,_StVO_2017.svg
Zeichen 223.3-52 - Seitenstreifen räumen, 4 Fahrstreifen u. Seitenstreifen, StVO 2017.png;Public domain;https://commons.wikimedia.org/wiki/File:Zeichen_223.3-52_-_Seitenstreifen_r%C3%A4umen,_4_Fahrstreifen_u._Seitenstreifen,_StVO_2017.svg
Zeichen 224-51 - Schulbushaltestelle (mit Zusatzzeichen 1042-36), StVO 2017.png;Public domain;https://commons.wikimedia.org/wiki/File:Zeichen_224-51_-_Schulbushaltestelle_(mit_Zusatzzeichen_1042-36),_StVO_2017.svg
Zeichen 224 - Haltestelle, StVO 2017.png;Public domain;https://commons.wikimedia.org/wiki/File:Zeichen_224_-_Haltestelle,_StVO_2017.svg
Zeichen 229-10 - Taxenstand (Anfang), Aufstellung rechts, StVO 2013.png;Public domain;https://commons.wikimedia.org/wiki/File:Zeichen_229-10_-_Taxenstand_(Anfang),_Aufstellung_rechts,_StVO_2013.svg
Zeichen 229-11 - Taxenstand (Ende), Aufstellung links, StVO 2013.png;Public domain;https://commons.wikimedia.org/wiki/File:Zeichen_229-11_-_Taxenstand_(Ende),_Aufstellung_links,_StVO_2013.svg
Zeichen 229-20 - Taxenstand (Ende), Aufstellung rechts, StVO 2013.png;Public domain;https://commons.wikimedia.org/wiki/File:Zeichen_229-20_-_Taxenstand_(Ende),_Aufstellung_rechts,_StVO_2013.svg
Zeichen 229-21 - Taxenstand (Anfang), Aufstellung links, StVO 2013.png;Public domain;https://commons.wikimedia.org/wiki/File:Zeichen_229-21_-_Taxenstand_(Anfang),_Aufstellung_links,_StVO_2013.svg
Zeichen 229-30 - Taxenstand (Mitte), Aufstellung rechts, StVO 2013.png;Public domain;https://commons.wikimedia.org/wiki/File:Zeichen_229-30_-_Taxenstand_(Mitte),_Aufstellung_rechts,_StVO_2013.svg
Zeichen 229-31 - Taxenstand (Mitte), Aufstellung links, StVO 2013.png;Public domain;https://commons.wikimedia.org/wiki/File:Zeichen_229-31_-_Taxenstand_(Mitte),_Aufstellung_links,_StVO_2013.svg
Zeichen 229 - Taxenstand, StVO 1994.png;Public domain;https://commons.wikimedia.org/wiki/File:Zeichen_229_-_Taxenstand,_StVO_1994.svg
Zeichen 230-10 - Ladebereich (Anfang, Aufstellung rechts), StVO 57. StVRÄndV BGBl.2024 Teil 1 Nr.299 Seite 5.png;Public domain;https://commons.wikimedia.org/wiki/File:Zeichen_230-10_-_Ladebereich_(Anfang,_Aufstellung_rechts),_StVO_57._StVR%C3%84ndV_BGBl.2024_Teil_1_Nr.299_Seite_5.svg
Zeichen 230-11 - Ladebereich (Ende, Aufstellung links), StVO 57. StVRÄndV BGBl.2024 Teil 1 Nr.299 Seite 5.png;Public domain;https://commons.wikimedia.org/wiki/File:Zeichen_230-11_-_Ladebereich_(Ende,_Aufstellung_links),_StVO_57._StVR%C3%84ndV_BGBl.2024_Teil_1_Nr.299_Seite_5.svg
Zeichen 230-20 - Ladebereich (Ende, Aufstellung rechts), StVO 57. StVRÄndV BGBl.2024 Teil 1 Nr.299 Seite 5.png;Public domain;https://commons.wikimedia.org/wiki/File:Zeichen_230-20_-_Ladebereich_(Ende,_Aufstellung_rechts),_StVO_57._StVR%C3%84ndV_BGBl.2024_Teil_1_Nr.299_Seite_5.svg
Zeichen 230-21 - Ladebereich (Anfang, Aufstellung links), StVO 57. StVRÄndV BGBl.2024 Teil 1 Nr.299 Seite 5.png;Public domain;https://commons.wikimedia.org/wiki/File:Zeichen_230-21_-_Ladebereich_(Anfang,_Aufstellung_links),_StVO_57._StVR%C3%84ndV_BGBl.2024_Teil_1_Nr.299_Seite_5.svg
Zeichen 230-30 - Ladebereich (Mitte, Aufstellung rechts), StVO 57. StVRÄndV BGBl.2024 Teil 1 Nr.299 Seite 5.png;Public domain;https://commons.wikimedia.org/wiki/File:Zeichen_230-30_-_Ladebereich_(Mitte,_Aufstellung_rechts),_StVO_57._StVR%C3%84ndV_BGBl.2024_Teil_1_Nr.299_Seite_5.svg
Zeichen 230-31 - Ladebereich (Mitte, Aufstellung links), StVO 57. StVRÄndV BGBl.2024 Teil 1 Nr.299 Seite 5.png;Public domain;https://commons.wikimedia.org/wiki/File:Zeichen_230-31_-_Ladebereich_(Mitte,_Aufstellung_links),_StVO_57._StVR%C3%84ndV_BGBl.2024_Teil_1_Nr.299_Seite_5.svg
Zeichen 230 - Ladebereich, StVO 57. StVRÄndV BGBl.2024 Teil 1 Nr.299 Seite 5.png;Public domain;https://commons.wikimedia.org/wiki/File:Zeichen_230_-_Ladebereich,_StVO_57._StVR%C3%84ndV_BGBl.2024_Teil_1_Nr.299_Seite_5.svg
Zeichen 237 - Sonderweg Radfahrer, StVO 1992.png;Public domain;https://commons.wikimedia.org/wiki/File:Zeichen_237_-_Sonderweg_Radfahrer,_StVO_1992.svg
Zeichen 238 - Sonderweg Reiter, StVO 1992.png;Public domain;https://commons.wikimedia.org/wiki/File:Zeichen_238_-_Sonderweg_Reiter,_StVO_1992.svg
Zeichen 239.png;Public domain;https://commons.wikimedia.org/wiki/File:Zeichen_239_-_Sonderweg_Fu%C3%9Fg%C3%A4nger,_StVO_1992.svg
Zeichen 239 - Sonderweg Fußgänger, StVO 1992.png;Public domain;https://commons.wikimedia.org/wiki/File:Zeichen_239_-_Sonderweg_Fu%C3%9Fg%C3%A4nger,_StVO_1992.svg
Zeichen 240 - Gemeinsamer Fuß- und Radweg, StVO 1992.png;Public domain;https://commons.wikimedia.org/wiki/File:Zeichen_240_-_Gemeinsamer_Fu%C3%9F-_und_Radweg,_StVO_1992.svg
Zeichen 241-30 - getrennter Rad- und Fußweg, StVO 1992.png;Public domain;https://commons.wikimedia.org/wiki/File:Zeichen_241-30_-_getrennter_Rad-_und_Fu%C3%9Fweg,_StVO_1992.svg
Zeichen 241-31 - getrennter Fuß- und Radweg, StVO 1992.png;Public domain;https://commons.wikimedia.org/wiki/File:Zeichen_241-31_-_getrennter_Fu%C3%9F-_und_Radweg,_StVO_1992.svg
Zeichen 242.1 - Beginn einer Fußgängerzone, StVO 2009.png;Public domain;https://commons.wikimedia.org/wiki/File:Zeichen_242.1_-_Beginn_einer_Fu%C3%9Fg%C3%A4ngerzone,_StVO_2009.svg
Zeichen 242.2 - Ende einer Fußgängerzone, StVO 2009.png;Public domain;https://commons.wikimedia.org/wiki/File:Zeichen_242.2_-_Ende_einer_Fu%C3%9Fg%C3%A4ngerzone,_StVO_2009.svg
Zeichen 244.1 - Beginn einer Fahrradstraße, StVO 2013.png;Public domain;https://commons.wikimedia.org/wiki/File:Zeichen_244.1_-_Beginn_einer_Fahrradstra%C3%9Fe,_StVO_2013.svg
Zeichen 244.2 - Ende einer Fahrradstraße, StVO 2013.png;Public domain;https://commons.wikimedia.org/wiki/File:Zeichen_244.2_-_Ende_einer_Fahrradstra%C3%9Fe,_StVO_2013.svg
Zeichen 244.3 - Beginn einer Fahrradzone, StVO 2020.png;Public domain;https://commons.wikimedia.org/wiki/File:Zeichen_244.3_-_Beginn_einer_Fahrradzone,_StVO_2020.svg
Zeichen 244.4 - Ende einer Fahrradzone, StVO 2020.png;Public domain;https://commons.wikimedia.org/wiki/File:Zeichen_244.4_-_Ende_einer_Fahrradzone,_StVO_2020.svg
Zeichen 245 - Bussonderfahrstreifen, StVO 2013.png;Public domain;https://commons.wikimedia.org/wiki/File:Zeichen_245_-_Bussonderfahrstreifen,_StVO_2013.svg
Zeichen 250 - Verbot für Fahrzeuge aller Art, StVO 1970.png;Public domain;https://commons.wikimedia.org/wiki/File:Zeichen_250_-_Verbot_f%C3%BCr_Fahrzeuge_aller_Art,_StVO_1970.svg
Zeichen 251 - Verbot für Kraftwagen und sonstige mehrspurige Kraftfahrzeuge, StVO 1992.png;Public domain;https://commons.wikimedia.org/wiki/File:Zeichen_251_-_Verbot_f%C3%BCr_Kraftwagen_und_sonstige_mehrspurige_Kraftfahrzeuge,_StVO_1992.svg
Zeichen 253 - Verbot für Kraftfahrzeuge mit einem zulässigen Gesamtgewicht, StVO 1992.png;Public domain;https://commons.wikimedia.org/wiki/File:Zeichen_253_-_Verbot_f%C3%BCr_Kraftfahrzeuge_mit_einem_zul%C3%A4ssigen_Gesamtgewicht,_StVO_1992.svg
Zeichen 254 - Verbot für Radfahrer, StVO 1992.png;Public domain;https://commons.wikimedia.org/wiki/File:Zeichen_254_-_Verbot_f%C3%BCr_Radfahrer,_StVO_1992.svg
Zeichen 255 - Verbot für Krafträder, auch mit Beiwagen, Kleinkrafträder und Mofas, StVO 1992.png;Public domain;https://commons.wikimedia.org/wiki/File:Zeichen_255_-_Verbot_f%C3%BCr_Kraftr%C3%A4der,_auch_mit_Beiwagen,_Kleinkraftr%C3%A4der_und_Mofas,_StVO_1992.svg
Zeichen 257-50 - Verbot für Mofas, StVO 2017.png;Public domain;https://commons.wikimedia.org/wiki/File:Zeichen_257-50_-_Verbot_f%C3%BCr_Mofas,_StVO_2017.svg
Zeichen 257-51 - Verbot für Reiter, StVO 2017.png;Public domain;https://commons.wikimedia.org/wiki/File:Zeichen_257-51_-_Verbot_f%C3%BCr_Reiter,_StVO_2017.svg
Zeichen 257-52 - Verbot für Gespannfuhrwerke, StVO 2017.png;Public domain;https://commons.wikimedia.org/wiki/File:Zeichen_257-52_-_Verbot_f%C3%BCr_Gespannfuhrwerke,_StVO_2017.svg
Zeichen 257-53 - Verbot für Viehtrieb, StVO 2017.png;Public domain;https://commons.wikimedia.org/wiki/File:Zeichen_257-53_-_Verbot_f%C3%BCr_Viehtrieb,_StVO_2017.svg
Zeichen 257-54 - Verbot für Kraftomnibusse, StVO 2017.png;Public domain;https://commons.wikimedia.org/wiki/File:Zeichen_257-54_-_Verbot_f%C3%BCr_Kraftomnibusse,_StVO_2017.svg
Zeichen 257-55 - Verbot für Personenkraftwagen, StVO 2017.png;Public domain;https://commons.wikimedia.org/wiki/File:Zeichen_257-55_-_Verbot_f%C3%BCr_Personenkraftwagen,_StVO_2017.svg
Zeichen 257-56 - Verbot für Personenkraftwagen mit Anhänger, StVO 2017.png;Public domain;https://commons.wikimedia.org/wiki/File:Zeichen_257-56_-_Verbot_f%C3%BCr_Personenkraftwagen_mit_Anh%C3%A4nger,_StVO_2017.svg
Zeichen 257-57 - Verbot für Lastkraftwagen mit Anhänger, StVO 2017.png;Public domain;https://commons.wikimedia.org/wiki/File:Zeichen_257-57_-_Verbot_f%C3%BCr_Lastkraftwagen_mit_Anh%C3%A4nger,_StVO_2017.svg
Zeichen 257-58 - Verbot für Kraftfahrzeuge und Züge, die nicht schneller als 25 km-h fahren können oder dürfen, StVO 201.png;Public domain;https://commons.wikimedia.org/wiki/File:Zeichen_257-58_-_Verbot_f%C3%BCr_Kraftfahrzeuge_und_Z%C3%BCge,_die_nicht_schneller_als_25_km-h_fahren_k%C3%B6nnen_oder_d%C3%BCrfen,_StVO_2017.svg
Zeichen 257-59 - Verbot für Elektrokleinstfahrzeuge im Sinne der Elektrokleinstfahrzeuge-Verordnung (eKFV).png;Public domain;https://commons.wikimedia.org/wiki/File:Zeichen_257-59_-_Verbot_f%C3%BCr_Elektrokleinstfahrzeuge_im_Sinne_der_Elektrokleinstfahrzeuge-Verordnung_(eKFV).svg
Zeichen 259 - Verbot für Fußgänger, StVO 1992.png;Public domain;https://commons.wikimedia.org/wiki/File:Zeichen_259_-_Verbot_f%C3%BCr_Fu%C3%9Fg%C3%A4nger,_StVO_1992.svg
Zeichen 260 - Verbot für Krafträder und Mofas und sonstige mehrspurige Kraftfahrzeuge, StVO 1992.png;Public domain;https://commons.wikimedia.org/wiki/File:Zeichen_260_-_Verbot_f%C3%BCr_Kraftr%C3%A4der_und_Mofas_und_sonstige_mehrspurige_Kraftfahrzeuge,_StVO_1992.svg
Zeichen 261 - Verbot für kennzeichnungspflichtige Kraftfahrzeuge mit gefährlichen Gütern, StVO 1988.png;Public domain;https://commons.wikimedia.org/wiki/File:Zeichen_261_-_Verbot_f%C3%BCr_kennzeichnungspflichtige_Kraftfahrzeuge_mit_gef%C3%A4hrlichen_G%C3%BCtern,_StVO_1988.svg
Zeichen 262-5,5 - Verbot für Fahrzeuge über angegebene tatsächliche Masse, StVO 2017.png;Public domain;https://commons.wikimedia.org/wiki/File:Zeichen_262-5,5_-_Verbot_f%C3%BCr_Fahrzeuge_%C3%BCber_angegebene_tats%C3%A4chliche_Masse,_StVO_2017.svg
Zeichen 263-8 - Verbot für Fahrzeuge über angegebene tatsächliche Achslast, StVO 2017.png;Public domain;https://commons.wikimedia.org/wiki/File:Zeichen_263-8_-_Verbot_f%C3%BCr_Fahrzeuge_%C3%BCber_angegebene_tats%C3%A4chliche_Achslast,_StVO_2017.svg
Zeichen 264-2,3 - Verbot für Fahrzeuge über angegebene tatsächliche Breite, StVO 2017.png;Public domain;https://commons.wikimedia.org/wiki/File:Zeichen_264-2,3_-_Verbot_f%C3%BCr_Fahrzeuge_%C3%BCber_angegebene_tats%C3%A4chliche_Breite,_StVO_2017.svg
Zeichen 264-2 - Verbot für Fahrzeuge über angegebene tatsächliche Breite, StVO 2017.png;Public domain;https://commons.wikimedia.org/wiki/File:Zeichen_264-2_-_Verbot_f%C3%BCr_Fahrzeuge_%C3%BCber_angegebene_tats%C3%A4chliche_Breite,_StVO_2017.svg
Zeichen 265-3,8 - Verbot für Fahrzeuge über angegebene tatsächliche Höhe, StVO 2017.png;Public domain;https://commons.wikimedia.org/wiki/File:Zeichen_265-3,8_-_Verbot_f%C3%BCr_Fahrzeuge_%C3%BCber_angegebene_tats%C3%A4chliche_H%C3%B6he,_StVO_2017.svg
Zeichen 266-10 - Verbot für Fahrzeuge über angegebene tatsächliche Länge, StVO 2017.png;Public domain;https://commons.wikimedia.org/wiki/File:Zeichen_266-10_-_Verbot_f%C3%BCr_Fahrzeuge_%C3%BCber_angegebene_tats%C3%A4chliche_L%C3%A4nge,_StVO_2017.svg
Zeichen 267 - Verbot der Einfahrt, StVO 1970.png;Public domain;https://commons.wikimedia.org/wiki/File:Zeichen_267_-_Verbot_der_Einfahrt,_StVO_1970.svg
Zeichen 268 - Schneeketten sind vorgeschrieben, StVO 1992.png;Public domain;https://commons.wikimedia.org/wiki/File:Zeichen_268_-_Schneeketten_sind_vorgeschrieben,_StVO_1992.svg
Zeichen 269 - Verbot für Fahrzeuge mit wassergefährdender Ladung, StVO 1988.png;Public domain;https://commons.wikimedia.org/wiki/File:Zeichen_269_-_Verbot_f%C3%BCr_Fahrzeuge_mit_wassergef%C3%A4hrdender_Ladung,_StVO_1988.svg
Zeichen 270.1 - Beginn eines Verkehrsverbots zur Verminderung schädlicher Luftverunreinigungen in einer Zone. I, StVO 20.png;Public domain;https://commons.wikimedia.org/wiki/File:Zeichen_270.1_-_Beginn_eines_Verkehrsverbots_zur_Verminderung_sch%C3%A4dlicher_Luftverunreinigungen_in_einer_Zone._I,_StVO_2007.svg
Zeichen 270.2 - Ende eines Verkehrsverbots zur Verminderung schädlicher Luftverunreinigungen in einer Zone, StVO 2007.png;Public domain;https://commons.wikimedia.org/wiki/File:Zeichen_270.2_-_Ende_eines_Verkehrsverbots_zur_Verminderung_sch%C3%A4dlicher_Luftverunreinigungen_in_einer_Zone,_StVO_2007.svg
Zeichen 272, Verbot des Wendens, StVO 1992.png;Public domain;https://commons.wikimedia.org/wiki/File:Zeichen_272,_Verbot_des_Wendens,_StVO_1992.svg
Zeichen 273-70 - Verbot des Unterschreitens des angegebenen Mindestabstandes, StVO 2017.png;Public domain;https://commons.wikimedia.org/wiki/File:Zeichen_273-70_-_Verbot_des_Unterschreitens_des_angegebenen_Mindestabstandes,_StVO_2017.svg
Zeichen 274-100 - Zulässige Höchstgeschwindigkeit, StVO 2017.png;Public domain;https://commons.wikimedia.org/wiki/File:Zeichen_274-100_-_Zul%C3%A4ssige_H%C3%B6chstgeschwindigkeit,_StVO_2017.svg
Zeichen 274-10 - Zulässige Höchstgeschwindigkeit, StVO 2017.png;Public domain;https://commons.wikimedia.org/wiki/File:Zeichen_274-10_-_Zul%C3%A4ssige_H%C3%B6chstgeschwindigkeit,_StVO_2017.svg
Zeichen 274-110 - Zulässige Höchstgeschwindigkeit, StVO 2017.png;Public domain;https://commons.wikimedia.org/wiki/File:Zeichen_274-110_-_Zul%C3%A4ssige_H%C3%B6chstgeschwindigkeit,_StVO_2017.svg
Zeichen 274-120 - Zulässige Höchstgeschwindigkeit, StVO 2017.png;Public domain;https://commons.wikimedia.org/wiki/File:Zeichen_274-120_-_Zul%C3%A4ssige_H%C3%B6chstgeschwindigkeit,_StVO_2017.svg
Zeichen 274-130 - Zulässige Höchstgeschwindigkeit, StVO 2017.png;Public domain;https://commons.wikimedia.org/wiki/File:Zeichen_274-130_-_Zul%C3%A4ssige_H%C3%B6chstgeschwindigkeit,_StVO_2017.svg
Zeichen 274-20 - Zulässige Höchstgeschwindigkeit, StVO 2017.png;Public domain;https://commons.wikimedia.org/wiki/File:Zeichen_274-20_-_Zul%C3%A4ssige_H%C3%B6chstgeschwindigkeit,_StVO_2017.svg
Zeichen 274-30 - Zulässige Höchstgeschwindigkeit, StVO 2017.png;Public domain;https://commons.wikimedia.org/wiki/File:Zeichen_274-30_-_Zul%C3%A4ssige_H%C3%B6chstgeschwindigkeit,_StVO_2017.svg
Zeichen 274-40 - Zulässige Höchstgeschwindigkeit, StVO 2017.png;Public domain;https://commons.wikimedia.org/wiki/File:Zeichen_274-40_-_Zul%C3%A4ssige_H%C3%B6chstgeschwindigkeit,_StVO_2017.svg
Zeichen 274-50 - Zulässige Höchstgeschwindigkeit, StVO 2017.png;Public domain;https://commons.wikimedia.org/wiki/File:Zeichen_274-50_-_Zul%C3%A4ssige_H%C3%B6chstgeschwindigkeit,_StVO_2017.svg
Zeichen 274-5 - Zulässige Höchstgeschwindigkeit, StVO 2017.png;Public domain;https://commons.wikimedia.org/wiki/File:Zeichen_274-5_-_Zul%C3%A4ssige_H%C3%B6chstgeschwindigkeit,_StVO_2017.svg
Zeichen 274-60 - Zulässige Höchstgeschwindigkeit, StVO 2017.png;Public domain;https://commons.wikimedia.org/wiki/File:Zeichen_274-60_-_Zul%C3%A4ssige_H%C3%B6chstgeschwindigkeit,_StVO_2017.svg
Zeichen 274-70 - Zulässige Höchstgeschwindigkeit, StVO 2017.png;Public domain;https://commons.wikimedia.org/wiki/File:Zeichen_274-70_-_Zul%C3%A4ssige_H%C3%B6chstgeschwindigkeit,_StVO_2017.svg
Zeichen 274-80 - Zulässige Höchstgeschwindigkeit, StVO 2017.png;Public domain;https://commons.wikimedia.org/wiki/File:Zeichen_274-80_-_Zul%C3%A4ssige_H%C3%B6chstgeschwindigkeit,_StVO_2017.svg
Zeichen 274-90 - Zulässige Höchstgeschwindigkeit, StVO 2017.png;Public domain;https://commons.wikimedia.org/wiki/File:Zeichen_274-90_-_Zul%C3%A4ssige_H%C3%B6chstgeschwindigkeit,_StVO_2017.svg
Zeichen 274.1-20 - Beginn einer Tempo 20-Zone in verkehrsberuhigten Geschäftsbereichen (einseitig), StVO 2013.png;Public domain;https://commons.wikimedia.org/wiki/File:Zeichen_274.1-20_-_Beginn_einer_Tempo_20-Zone_in_verkehrsberuhigten_Gesch%C3%A4ftsbereichen_(einseitig),_StVO_2013.svg
Zeichen 274.1 - Beginn einer Tempo 30-Zone, StVO 2013.png;Public domain;https://commons.wikimedia.org/wiki/File:Zeichen_274.1_-_Beginn_einer_Tempo_30-Zone,_StVO_2013.svg
Zeichen 274.2-20 - Ende einer Tempo 20-Zone in verkehrsberuhigten Geschäftsbereichen (einseitig), StVO 2013.png;Public domain;https://commons.wikimedia.org/wiki/File:Zeichen_274.2-20_-_Ende_einer_Tempo_20-Zone_in_verkehrsberuhigten_Gesch%C3%A4ftsbereichen_(einseitig),_StVO_2013.svg
Zeichen 274.2 - Ende einer Tempo 30-Zone (einseitig), StVO 2013.png;Public domain;https://commons.wikimedia.org/wiki/File:Zeichen_274.2_-_Ende_einer_Tempo_30-Zone_(einseitig),_StVO_2013.svg
Zeichen 275-30 - Vorgeschriebene Mindestgeschwindigkeit, StVO 2017.png;Public domain;https://commons.wikimedia.org/wiki/File:Zeichen_275-30_-_Vorgeschriebene_Mindestgeschwindigkeit,_StVO_2017.svg
Zeichen 276 - Überholverbot für Kraftfahrzeuge aller Art, StVO 1992.png;Public domain;https://commons.wikimedia.org/wiki/File:Zeichen_276_-_%C3%9Cberholverbot_f%C3%BCr_Kraftfahrzeuge_aller_Art,_StVO_1992.svg
Zeichen 277.1 - Verbot des Überholens von einspurigen Fahrzeugen für mehrspurige Kraftfahrzeuge und Krafträdern mit Beiw.png;Public domain;"https://commons.wikimedia.org/wiki/File:Zeichen_277.1_-_Verbot_des_%C3%9Cberholens_von_einspurigen_Fahrzeugen_f%C3%BCr_mehrspurige_Kraftfahrzeuge_und_Kraftr%C3%A4dern_mit_Beiwagen;_StVO_2020.svg"
Zeichen 277 - Überholverbot für Kraftfahrzeuge mit einem zulässigen Gesamtgewicht über 2,8 t, einschließlich ihrer Anhän.png;Public domain;https://commons.wikimedia.org/wiki/File:Zeichen_277_-_%C3%9Cberholverbot_f%C3%BCr_Kraftfahrzeuge_mit_einem_zul%C3%A4ssigen_Gesamtgewicht_%C3%BCber_2,8_t,_einschlie%C3%9Flich_ihrer_Anh%C3%A4nger,_StVO_1992.svg
Zeichen 278-100 - Ende der zulässigen Höchstgeschwindigkeit, StVO 2017.png;Public domain;https://commons.wikimedia.org/wiki/File:Zeichen_278-100_-_Ende_der_zul%C3%A4ssigen_H%C3%B6chstgeschwindigkeit,_StVO_2017.svg
Zeichen 278-10 - Ende der zulässigen Höchstgeschwindigkeit, StVO 2017.png;Public domain;https://commons.wikimedia.org/wiki/File:Zeichen_278-10_-_Ende_der_zul%C3%A4ssigen_H%C3%B6chstgeschwindigkeit,_StVO_2017.svg
Zeichen 278-110 - Ende der zulässigen Höchstgeschwindigkeit, StVO 2017.png;Public domain;https://commons.wikimedia.org/wiki/File:Zeichen_278-110_-_Ende_der_zul%C3%A4ssigen_H%C3%B6chstgeschwindigkeit,_StVO_2017.svg
Zeichen 278-120 - Ende der zulässigen Höchstgeschwindigkeit, StVO 2017.png;Public domain;https://commons.wikimedia.org/wiki/File:Zeichen_278-120_-_Ende_der_zul%C3%A4ssigen_H%C3%B6chstgeschwindigkeit,_StVO_2017.svg
Zeichen 278-130 - Ende der zulässigen Höchstgeschwindigkeit, StVO 2017.png;Public domain;https://commons.wikimedia.org/wiki/File:Zeichen_278-130_-_Ende_der_zul%C3%A4ssigen_H%C3%B6chstgeschwindigkeit,_StVO_2017.svg
Zeichen 278-20 - Ende der zulässigen Höchstgeschwindigkeit, StVO 2017.png;Public domain;https://commons.wikimedia.org/wiki/File:Zeichen_278-20_-_Ende_der_zul%C3%A4ssigen_H%C3%B6chstgeschwindigkeit,_StVO_2017.svg
Zeichen 278-30 - Ende der zulässigen Höchstgeschwindigkeit, StVO 2017.png;Public domain;https://commons.wikimedia.org/wiki/File:Zeichen_278-30_-_Ende_der_zul%C3%A4ssigen_H%C3%B6chstgeschwindigkeit,_StVO_2017.svg
Zeichen 278-40 - Ende der zulässigen Höchstgeschwindigkeit, StVO 2017.png;Public domain;https://commons.wikimedia.org/wiki/File:Zeichen_278-40_-_Ende_der_zul%C3%A4ssigen_H%C3%B6chstgeschwindigkeit,_StVO_2017.svg
Zeichen 278-50 - Ende der zulässigen Höchstgeschwindigkeit, StVO 2017.png;Public domain;https://commons.wikimedia.org/wiki/File:Zeichen_278-50_-_Ende_der_zul%C3%A4ssigen_H%C3%B6chstgeschwindigkeit,_StVO_2017.svg
Zeichen 278-5 - Ende der zulässigen Höchstgeschwindigkeit, StVO 2017.png;Public domain;https://commons.wikimedia.org/wiki/File:Zeichen_278-5_-_Ende_der_zul%C3%A4ssigen_H%C3%B6chstgeschwindigkeit,_StVO_2017.svg
Zeichen 278-60 - Ende der zulässigen Höchstgeschwindigkeit, StVO 2017.png;Public domain;https://commons.wikimedia.org/wiki/File:Zeichen_278-60_-_Ende_der_zul%C3%A4ssigen_H%C3%B6chstgeschwindigkeit,_StVO_2017.svg
Zeichen 278-70 - Ende der zulässigen Höchstgeschwindigkeit, StVO 2017.png;Public domain;https://commons.wikimedia.org/wiki/File:Zeichen_278-70_-_Ende_der_zul%C3%A4ssigen_H%C3%B6chstgeschwindigkeit,_StVO_2017.svg
Zeichen 278-80 - Ende der zulässigen Höchstgeschwindigkeit, StVO 2017.png;Public domain;https://commons.wikimedia.org/wiki/File:Zeichen_278-80_-_Ende_der_zul%C3%A4ssigen_H%C3%B6chstgeschwindigkeit,_StVO_2017.svg
Zeichen 278-90 - Ende der zulässigen Höchstgeschwindigkeit, StVO 2017.png;Public domain;https://commons.wikimedia.org/wiki/File:Zeichen_278-90_-_Ende_der_zul%C3%A4ssigen_H%C3%B6chstgeschwindigkeit,_StVO_2017.svg
Zeichen 279-30 - Ende der vorgeschriebenen Mindestgeschwindigkeit, StVO 2017.png;Public domain;https://commons.wikimedia.org/wiki/File:Zeichen_279-30_-_Ende_der_vorgeschriebenen_Mindestgeschwindigkeit,_StVO_2017.svg
Zeichen 280 - Ende des Überholverbotes für Kraftfahrzeuge aller Art, StVO 1992.png;Public domain;https://commons.wikimedia.org/wiki/File:Zeichen_280_-_Ende_des_%C3%9Cberholverbotes_f%C3%BCr_Kraftfahrzeuge_aller_Art,_StVO_1992.svg
Zeichen 281.1 - Ende des Verbots des Überholens von einspurigen Fahrzeugen für mehrspurige Kraftfahrzeuge und Krafträder.png;Public domain;"https://commons.wikimedia.org/wiki/File:Zeichen_281.1_-_Ende_des_Verbots_des_%C3%9Cberholens_von_einspurigen_Fahrzeugen_f%C3%BCr_mehrspurige_Kraftfahrzeuge_und_Kraftr%C3%A4dern_mit_Beiwagen;_StVO_2020.svg"
Zeichen 281 - Ende des Überholverbots für Kraftfahrzeuge mit einem zulässigen Gesamtgewicht über 3,5 t, StVO 1992.png;Public domain;https://commons.wikimedia.org/wiki/File:Zeichen_281_-_Ende_des_%C3%9Cberholverbots_f%C3%BCr_Kraftfahrzeuge_mit_einem_zul%C3%A4ssigen_Gesamtgewicht_%C3%BCber_3,5_t,_StVO_1992.svg
Zeichen 282.png;Public domain;https://commons.wikimedia.org/wiki/File:Zeichen_282_-_Ende_s%C3%A4mtlicher_Streckenverbote,_StVO_1970.svg
Zeichen 282 - Ende sämtlicher Streckenverbote, StVO 1970.png;Public domain;https://commons.wikimedia.org/wiki/File:Zeichen_282_-_Ende_s%C3%A4mtlicher_Streckenverbote,_StVO_1970.svg
Zeichen 283-10 - Absolutes Haltverbot (Anfang), Aufstellung rechts, StVO 2013.png;Public domain;https://commons.wikimedia.org/wiki/File:Zeichen_283-10_-_Absolutes_Haltverbot_(Anfang),_Aufstellung_rechts,_StVO_2013.svg
Zeichen 283-11 - Absolutes Haltverbot (Ende), Aufstellung links, StVO 2017.png;Public domain;https://commons.wikimedia.org/wiki/File:Zeichen_283-11_-_Absolutes_Haltverbot_(Ende),_Aufstellung_links,_StVO_2017.svg
Zeichen 283-20 - Absolutes Haltverbot (Ende), Aufstellung rechts, StVO 2013.png;Public domain;https://commons.wikimedia.org/wiki/File:Zeichen_283-20_-_Absolutes_Haltverbot_(Ende),_Aufstellung_rechts,_StVO_2013.svg
Zeichen 283-21 - Absolutes Haltverbot (Anfang), Aufstellung links, StVO 2017.png;Public domain;https://commons.wikimedia.org/wiki/File:Zeichen_283-21_-_Absolutes_Haltverbot_(Anfang),_Aufstellung_links,_StVO_2017.svg
Zeichen 283-30 - Absolutes Haltverbot (Mitte), Aufstellung rechts, StVO 2013.png;Public domain;https://commons.wikimedia.org/wiki/File:Zeichen_283-30_-_Absolutes_Haltverbot_(Mitte),_Aufstellung_rechts,_StVO_2013.svg
Zeichen 283-31 - Absolutes Haltverbot (Mitte), Aufstellung links, StVO 2017.png;Public domain;https://commons.wikimedia.org/wiki/File:Zeichen_283-31_-_Absolutes_Haltverbot_(Mitte),_Aufstellung_links,_StVO_2017.svg
Zeichen 283 - Absolutes Haltverbot, StVO 2017.png;Public domain;https://commons.wikimedia.org/wiki/File:Zeichen_283_-_Absolutes_Haltverbot,_StVO_2017.svg
Zeichen 286-10 - Eingeschränktes Halteverbot (Anfang), Rechtsaufstellung, StVO 1992.png;Public domain;https://commons.wikimedia.org/wiki/File:Zeichen_286-10_-_Eingeschr%C3%A4nktes_Halteverbot_(Anfang),_Rechtsaufstellung,_StVO_1992.svg
Zeichen 286-11 - Eingeschränktes Halteverbot (Ende), Aufstellung links StVO 2017.png;Public domain;https://commons.wikimedia.org/wiki/File:Zeichen_286-11_-_Eingeschr%C3%A4nktes_Halteverbot_(Ende),_Aufstellung_links_StVO_2017.svg
Zeichen 286-20 - Eingeschränktes Halteverbot (Ende), Rechtsaufstellung, StVO 1992.png;Public domain;https://commons.wikimedia.org/wiki/File:Zeichen_286-20_-_Eingeschr%C3%A4nktes_Halteverbot_(Ende),_Rechtsaufstellung,_StVO_1992.svg
Zeichen 286-21 - Eingeschränktes Halteverbot (Anfang), Aufstellung links, StVO 2017.png;Public domain;https://commons.wikimedia.org/wiki/File:Zeichen_286-21_-_Eingeschr%C3%A4nktes_Halteverbot_(Anfang),_Aufstellung_links,_StVO_2017.svg
Zeichen 286-30 - Eingeschränktes Halteverbot (Mitte), Rechtsaufstellung, StVO 1992.png;Public domain;https://commons.wikimedia.org/wiki/File:Zeichen_286-30_-_Eingeschr%C3%A4nktes_Halteverbot_(Mitte),_Rechtsaufstellung,_StVO_1992.svg
Zeichen 286-31 - Eingeschränktes Halteverbot (Mitte), Aufstellung links, StVO 2017.png;Public domain;https://commons.wikimedia.org/wiki/File:Zeichen_286-31_-_Eingeschr%C3%A4nktes_Halteverbot_(Mitte),_Aufstellung_links,_StVO_2017.svg
Zeichen 286 - Eingeschränktes Halteverbot, StVO 1970.png;Public domain;https://commons.wikimedia.org/wiki/File:Zeichen_286_-_Eingeschr%C3%A4nktes_Halteverbot,_StVO_1970.svg
Zeichen 290.1 - Beginn eines eingeschränkten Haltverbotes für eine Zone, StVO 2009.png;Public domain;https://commons.wikimedia.org/wiki/File:Zeichen_290.1_-_Beginn_eines_eingeschr%C3%A4nkten_Haltverbotes_f%C3%BCr_eine_Zone,_StVO_2009.svg
Zeichen 290.2 - Ende eines eingeschränkten Haltverbotes für eine Zone, StVO 2009.png;Public domain;https://commons.wikimedia.org/wiki/File:Zeichen_290.2_-_Ende_eines_eingeschr%C3%A4nkten_Haltverbotes_f%C3%BCr_eine_Zone,_StVO_2009.svg
Zeichen 293 - Fußgängerüberweg, StVO 1970.png;Public domain;https://commons.wikimedia.org/wiki/File:Zeichen_293_-_Fu%C3%9Fg%C3%A4nger%C3%BCberweg,_StVO_1970.svg
Zeichen 294.png;Public domain;https://commons.wikimedia.org/wiki/File:Zeichen_294_-_Haltlinie,_StVO_1970.svg
Zeichen 294 - Haltlinie, StVO 1970.png;Public domain;https://commons.wikimedia.org/wiki/File:Zeichen_294_-_Haltlinie,_StVO_1970.svg
Zeichen 295 - Fahrstreifenbegrenzung und Fahrbahnbegrenzung, StVO 1970.png;Public domain;https://commons.wikimedia.org/wiki/File:Zeichen_295_-_Fahrstreifenbegrenzung_und_Fahrbahnbegrenzung,_StVO_1970.svg
Zeichen 296 - Einseitige Fahrstreifenbegrenzung, StVO 1970.png;Public domain;https://commons.wikimedia.org/wiki/File:Zeichen_296_-_Einseitige_Fahrstreifenbegrenzung,_StVO_1970.svg
Zeichen 297.1-21 - Vorankündigungspfeil zur Anzeige eines Fahrstreifenendes, StVO 2017.png;Public domain;https://commons.wikimedia.org/wiki/File:Zeichen_297.1-21_-_Vorank%C3%BCndigungspfeil_zur_Anzeige_eines_Fahrstreifenendes,_StVO_2017.svg
Zeichen 297.1 - Vorankündigungspfeil, StVO 1992.png;Public domain;https://commons.wikimedia.org/wiki/File:Zeichen_297.1_-_Vorank%C3%BCndigungspfeil,_StVO_1992.svg
Zeichen 297 - Richtungspfeile, StVO 1970.png;Public domain;https://commons.wikimedia.org/wiki/File:Zeichen_297_-_Richtungspfeile,_StVO_1970.svg
Zeichen 298 - Sperrflächen, StVO 1970.png;Public domain;https://commons.wikimedia.org/wiki/File:Zeichen_298_-_Sperrfl%C3%A4chen,_StVO_1970.svg
Zeichen 299 - Grenzmarkierung für Halt- und Parkverbote, StVO 1992.png;Public domain;https://commons.wikimedia.org/wiki/File:Zeichen_299_-_Grenzmarkierung_f%C3%BCr_Halt-_und_Parkverbote,_StVO_1992.svg
Zeichen 301 - Vorfahrt, StVO 1970.png;Public domain;https://commons.wikimedia.org/wiki/File:Zeichen_301_-_Vorfahrt,_StVO_1970.svg
Zeichen 306 - Vorfahrtstraße, StVO 1970.png;Public domain;https://commons.wikimedia.org/wiki/File:Zeichen_306_-_Vorfahrtstra%C3%9Fe,_StVO_1970.svg
Zeichen 307 - Ende der Vorfahrtstraße, StVO 1981.png;Public domain;https://commons.wikimedia.org/wiki/File:Zeichen_307_-_Ende_der_Vorfahrtstra%C3%9Fe,_StVO_1981.svg
Zeichen 308 - Vorrang vor dem Gegenverkehr, StVO 1992.png;Public domain;https://commons.wikimedia.org/wiki/File:Zeichen_308_-_Vorrang_vor_dem_Gegenverkehr,_StVO_1992.svg
Zeichen 310 - Ortstafel Vorderseite, StVO 2017.png;Public domain;https://commons.wikimedia.org/wiki/File:Zeichen_310_-_Ortstafel_Vorderseite,_StVO_2017.svg
Zeichen 311-51 - Ortstafel einseitig, StVO 1992.png;Public domain;https://commons.wikimedia.org/wiki/File:Zeichen_311-51_-_Ortstafel_einseitig,_StVO_1992.svg
Zeichen 311 - Ortstafel Rückseite, StVO 2017.png;Public domain;https://commons.wikimedia.org/wiki/File:Zeichen_311_-_Ortstafel_R%C3%BCckseite,_StVO_2017.svg
Zeichen 314-10 - Parkplatz (Anfang), StVO 1992.png;Public domain;https://commons.wikimedia.org/wiki/File:Zeichen_314-10_-_Parkplatz_(Anfang),_StVO_1992.svg
Zeichen 314-20 - Parkplatz (Ende), StVO 1992.png;Public domain;https://commons.wikimedia.org/wiki/File:Zeichen_314-20_-_Parkplatz_(Ende),_StVO_1992.svg
Zeichen 314-30 - Parken Mitte (Aufstellung rechts), StVO 2017.png;Public domain;https://commons.wikimedia.org/wiki/File:Zeichen_314-30_-_Parken_Mitte_(Aufstellung_rechts),_StVO_2017.svg
Zeichen 314-31 - Parken Mitte (Aufstellung links), StVO 2017.png;Public domain;https://commons.wikimedia.org/wiki/File:Zeichen_314-31_-_Parken_Mitte_(Aufstellung_links),_StVO_2017.svg
Zeichen 314-50 - Parkhaus, Parkgarage, StVO 2017.png;Public domain;https://commons.wikimedia.org/wiki/File:Zeichen_314-50_-_Parkhaus,_Parkgarage,_StVO_2017.svg
Zeichen 314.1 - Beginn einer Parkraumbewirtschaftungszone, StVO 2009.png;Public domain;https://commons.wikimedia.org/wiki/File:Zeichen_314.1_-_Beginn_einer_Parkraumbewirtschaftungszone,_StVO_2009.svg
Zeichen 314.2 - Ende einer Parkraumbewirtschaftungszone, StVO 2009.png;Public domain;https://commons.wikimedia.org/wiki/File:Zeichen_314.2_-_Ende_einer_Parkraumbewirtschaftungszone,_StVO_2009.svg
Zeichen 314 - Parken, StVO 2017.png;Public domain;https://commons.wikimedia.org/wiki/File:Zeichen_314_-_Parken,_StVO_2017.svg
Zeichen 315-50 - Parken halb auf Gehwegen in Fahrtrichtung links, StVO 1992.png;Public domain;https://commons.wikimedia.org/wiki/File:Zeichen_315-50_-_Parken_halb_auf_Gehwegen_in_Fahrtrichtung_links,_StVO_1992.svg
Zeichen 315-51 - Parken auf Gehwegen halb in Fahrtrichtung links, Anfang, StVO 2013.png;Public domain;https://commons.wikimedia.org/wiki/File:Zeichen_315-51_-_Parken_auf_Gehwegen_halb_in_Fahrtrichtung_links,_Anfang,_StVO_2013.svg
Zeichen 315-52 - Parken auf Gehwegen halb in Fahrtrichtung links, Ende, StVO 2013.png;Public domain;https://commons.wikimedia.org/wiki/File:Zeichen_315-52_-_Parken_auf_Gehwegen_halb_in_Fahrtrichtung_links,_Ende,_StVO_2013.svg
Zeichen 315-53 - Parken halb auf Gehwegen in Fahrtrichtung links (Mitte), StVO 1992.png;Public domain;https://commons.wikimedia.org/wiki/File:Zeichen_315-53_-_Parken_halb_auf_Gehwegen_in_Fahrtrichtung_links_(Mitte),_StVO_1992.svg
Zeichen 315-55 - Parken halb auf Gehwegen in Fahrtrichtung rechts, StVO 1992.png;Public domain;https://commons.wikimedia.org/wiki/File:Zeichen_315-55_-_Parken_halb_auf_Gehwegen_in_Fahrtrichtung_rechts,_StVO_1992.svg
Zeichen 315-56 - Parken halb auf Gehwegen in Fahrtrichtung rechts (Anfang), StVO 1992.png;Public domain;https://commons.wikimedia.org/wiki/File:Zeichen_315-56_-_Parken_halb_auf_Gehwegen_in_Fahrtrichtung_rechts_(Anfang),_StVO_1992.svg
Zeichen 315-57 - Parken halb auf Gehwegen in Fahrtrichtung rechts (Ende), StVO 1992.png;Public domain;https://commons.wikimedia.org/wiki/File:Zeichen_315-57_-_Parken_halb_auf_Gehwegen_in_Fahrtrichtung_rechts_(Ende),_StVO_1992.svg
Zeichen 315-58 - Parken halb auf Gehwegen in Fahrtrichtung rechts (Mitte).png;Public domain;https://commons.wikimedia.org/wiki/File:Zeichen_315-58_-_Parken_halb_auf_Gehwegen_in_Fahrtrichtung_rechts_(Mitte).svg
Zeichen 315-60 - Parken ganz auf Gehwegen in Fahrtrichtung links, StVO 1992.png;Public domain;https://commons.wikimedia.org/wiki/File:Zeichen_315-60_-_Parken_ganz_auf_Gehwegen_in_Fahrtrichtung_links,_StVO_1992.svg
Zeichen 315-61 - Parken auf Gehwegen ganz in Fahrtrichtung links, Anfang, StVO 2013.png;Public domain;https://commons.wikimedia.org/wiki/File:Zeichen_315-61_-_Parken_auf_Gehwegen_ganz_in_Fahrtrichtung_links,_Anfang,_StVO_2013.svg
Zeichen 315-62 - Parken auf Gehwegen ganz in Fahrtrichtung links, Ende, StVO 2013.png;Public domain;https://commons.wikimedia.org/wiki/File:Zeichen_315-62_-_Parken_auf_Gehwegen_ganz_in_Fahrtrichtung_links,_Ende,_StVO_2013.svg
Zeichen 315-63 - Parken ganz auf Gehwegen in Fahrtrichtung links (Mitte), StVO 1992.png;Public domain;https://commons.wikimedia.org/wiki/File:Zeichen_315-63_-_Parken_ganz_auf_Gehwegen_in_Fahrtrichtung_links_(Mitte),_StVO_1992.svg
Zeichen 315-65 - Parken ganz auf Gehwegen in Fahrtrichtung rechts, StVO 1992.png;Public domain;https://commons.wikimedia.org/wiki/File:Zeichen_315-65_-_Parken_ganz_auf_Gehwegen_in_Fahrtrichtung_rechts,_StVO_1992.svg
Zeichen 315-66 - Parken ganz auf Gehwegen in Fahrtrichtung rechts (Anfang), StVO 1992.png;Public domain;https://commons.wikimedia.org/wiki/File:Zeichen_315-66_-_Parken_ganz_auf_Gehwegen_in_Fahrtrichtung_rechts_(Anfang),_StVO_1992.svg
Zeichen 315-67 - Parken ganz auf Gehwegen in Fahrtrichtung rechts (Ende), StVO 1992.png;Public domain;https://commons.wikimedia.org/wiki/File:Zeichen_315-67_-_Parken_ganz_auf_Gehwegen_in_Fahrtrichtung_rechts_(Ende),_StVO_1992.svg
Zeichen 315-68 - Parken ganz auf Gehwegen in Fahrtrichtung rechts (Mitte), StVO 1992.png;Public domain;https://commons.wikimedia.org/wiki/File:Zeichen_315-68_-_Parken_ganz_auf_Gehwegen_in_Fahrtrichtung_rechts_(Mitte),_StVO_1992.svg
Zeichen 315-70 - Parken halb auf Gehwegen quer zur Fahrtrichtung links, StVO 1992.png;Public domain;https://commons.wikimedia.org/wiki/File:Zeichen_315-70_-_Parken_halb_auf_Gehwegen_quer_zur_Fahrtrichtung_links,_StVO_1992.svg
Zeichen 315-71 - Parken halb auf Gehwegen quer zur Fahrtrichtung links (Anfang), StVO 1992.png;Public domain;https://commons.wikimedia.org/wiki/File:Zeichen_315-71_-_Parken_halb_auf_Gehwegen_quer_zur_Fahrtrichtung_links_(Anfang),_StVO_1992.svg
Zeichen 315-72 - Parken halb auf Gehwegen quer zur Fahrtrichtung links (Ende), StVO 1992.png;Public domain;https://commons.wikimedia.org/wiki/File:Zeichen_315-72_-_Parken_halb_auf_Gehwegen_quer_zur_Fahrtrichtung_links_(Ende),_StVO_1992.svg
Zeichen 315-73 - Parken halb auf Gehwegen quer zur Fahrtrichtung links (Mitte), StVO 1992.png;Public domain;https://commons.wikimedia.org/wiki/File:Zeichen_315-73_-_Parken_halb_auf_Gehwegen_quer_zur_Fahrtrichtung_links_(Mitte),_StVO_1992.svg
Zeichen 315-75 - Parken halb auf Gehwegen quer zur Fahrtrichtung rechts, StVO 1992.png;Public domain;https://commons.wikimedia.org/wiki/File:Zeichen_315-75_-_Parken_halb_auf_Gehwegen_quer_zur_Fahrtrichtung_rechts,_StVO_1992.svg
Zeichen 315-76 - Parken halb auf Gehwegen quer zur Fahrtrichtung rechts (Anfang), StVO 1992.png;Public domain;https://commons.wikimedia.org/wiki/File:Zeichen_315-76_-_Parken_halb_auf_Gehwegen_quer_zur_Fahrtrichtung_rechts_(Anfang),_StVO_1992.svg
Zeichen 315-77 - Parken halb auf Gehwegen quer zur Fahrtrichtung rechts (Ende), StVO 1992.png;Public domain;https://commons.wikimedia.org/wiki/File:Zeichen_315-77_-_Parken_halb_auf_Gehwegen_quer_zur_Fahrtrichtung_rechts_(Ende),_StVO_1992.svg
Zeichen 315-78 - Parken halb auf Gehwegen quer zur Fahrtrichtung rechts (Mitte), StVO 1992.png;Public domain;https://commons.wikimedia.org/wiki/File:Zeichen_315-78_-_Parken_halb_auf_Gehwegen_quer_zur_Fahrtrichtung_rechts_(Mitte),_StVO_1992.svg
Zeichen 315-80 - Parken ganz auf Gehwegen quer zur Fahrtrichtung links, StVO 1992.png;Public domain;https://commons.wikimedia.org/wiki/File:Zeichen_315-80_-_Parken_ganz_auf_Gehwegen_quer_zur_Fahrtrichtung_links,_StVO_1992.svg
Zeichen 315-81 - Parken ganz auf Gehwegen quer zur Fahrtrichtung links (Anfang), StVO 1992.png;Public domain;https://commons.wikimedia.org/wiki/File:Zeichen_315-81_-_Parken_ganz_auf_Gehwegen_quer_zur_Fahrtrichtung_links_(Anfang),_StVO_1992.svg
Zeichen 315-82 - Parken ganz auf Gehwegen quer zur Fahrtrichtung links (Ende), StVO 1992.png;Public domain;https://commons.wikimedia.org/wiki/File:Zeichen_315-82_-_Parken_ganz_auf_Gehwegen_quer_zur_Fahrtrichtung_links_(Ende),_StVO_1992.svg
Zeichen 315-83 - Parken ganz auf Gehwegen quer zur Fahrtrichtung links (Mitte), StVO 1992.png;Public domain;https://commons.wikimedia.org/wiki/File:Zeichen_315-83_-_Parken_ganz_auf_Gehwegen_quer_zur_Fahrtrichtung_links_(Mitte),_StVO_1992.svg
Zeichen 315-85 - Parken ganz auf Gehwegen quer zur Fahrtrichtung rechts, StVO 1992.png;Public domain;https://commons.wikimedia.org/wiki/File:Zeichen_315-85_-_Parken_ganz_auf_Gehwegen_quer_zur_Fahrtrichtung_rechts,_StVO_1992.svg
Zeichen 315-86 - Parken ganz auf Gehwegen quer zur Fahrtrichtung rechts (Anfang), StVO 1992.png;Public domain;https://commons.wikimedia.org/wiki/File:Zeichen_315-86_-_Parken_ganz_auf_Gehwegen_quer_zur_Fahrtrichtung_rechts_(Anfang),_StVO_1992.svg
Zeichen 315-87 - Parken ganz auf Gehwegen quer zur Fahrtrichtung rechts (Ende), StVO 1992.png;Public domain;https://commons.wikimedia.org/wiki/File:Zeichen_315-87_-_Parken_ganz_auf_Gehwegen_quer_zur_Fahrtrichtung_rechts_(Ende),_StVO_1992.svg
Zeichen 315-88 - Parken ganz auf Gehwegen quer zur Fahrtrichtung rechts (Mitte), StVO 1992.png;Public domain;https://commons.wikimedia.org/wiki/File:Zeichen_315-88_-_Parken_ganz_auf_Gehwegen_quer_zur_Fahrtrichtung_rechts_(Mitte),_StVO_1992.svg
Zeichen 316-50 - Parken und Mitfahren, StVO 2017.png;Public domain;https://commons.wikimedia.org/wiki/File:Zeichen_316-50_-_Parken_und_Mitfahren,_StVO_2017.svg
Zeichen 316 - Parken und Reisen, StVO 1992.png;Public domain;https://commons.wikimedia.org/wiki/File:Zeichen_316_-_Parken_und_Reisen,_StVO_1992.svg
Zeichen 317 - Wandererparkplatz, StVO 1992.png;Public domain;https://commons.wikimedia.org/wiki/File:Zeichen_317_-_Wandererparkplatz,_StVO_1992.svg
Zeichen 318 - Parkscheibe, StVO 2013.png;Public domain;https://commons.wikimedia.org/wiki/File:Zeichen_318_-_Parkscheibe,_StVO_2013.svg
Zeichen 325.1 - Beginn eines verkehrsberuhigten Bereichs, StVO 2009.png;Public domain;https://commons.wikimedia.org/wiki/File:Zeichen_325.1_-_Beginn_eines_verkehrsberuhigten_Bereichs,_StVO_2009.svg
Zeichen 325.1 - Beginn eines verkehrsberuhigten Bereichs, StVO 2013.png;Public domain;https://commons.wikimedia.org/wiki/File:Zeichen_325.1_-_Beginn_eines_verkehrsberuhigten_Bereichs,_StVO_2009.svg
Zeichen 325.2 - Ende eines verkehrsberuhigten Bereichs, StVO 2009.png;Public domain;https://commons.wikimedia.org/wiki/File:Zeichen_325.2_-_Ende_eines_verkehrsberuhigten_Bereichs,_StVO_2009.svg
Zeichen 327-50 - Tunnel, mit Längenangabe in m, StVO 2006.png;Public domain;https://commons.wikimedia.org/wiki/File:Zeichen_327-50_-_Tunnel,_mit_L%C3%A4ngenangabe_in_m,_StVO_2006.svg
Zeichen 327-51 - Tunnel, mit Längenangabe in km, StVO 2017.png;Public domain;https://commons.wikimedia.org/wiki/File:Zeichen_327-51_-_Tunnel,_mit_L%C3%A4ngenangabe_in_km,_StVO_2017.svg
Zeichen 327 - Tunnel, StVO 2017.png;Public domain;https://commons.wikimedia.org/wiki/File:Zeichen_327_-_Tunnel,_StVO_2017.svg
Zeichen 328 - Nothalte- und Pannenbucht, StVO 2006.png;Public domain;https://commons.wikimedia.org/wiki/File:Zeichen_328_-_Nothalte-_und_Pannenbucht,_StVO_2006.svg
Zeichen 330.1 - Autobahn, StVO 2013.png;Public domain;https://commons.wikimedia.org/wiki/File:Zeichen_330.1_-_Autobahn,_StVO_2013.svg
Zeichen 330.2 - Ende der Autobahn, StVO 2013.png;Public domain;https://commons.wikimedia.org/wiki/File:Zeichen_330.2_-_Ende_der_Autobahn,_StVO_2013.svg
Zeichen 331.1 - Kraftfahrstraße, StVO 2013.png;Public domain;https://commons.wikimedia.org/wiki/File:Zeichen_331.1_-_Kraftfahrstra%C3%9Fe,_StVO_2013.svg
Zeichen 331.2 - Ende der Kraftfahrstraße, StVO 2013.png;Public domain;https://commons.wikimedia.org/wiki/File:Zeichen_331.2_-_Ende_der_Kraftfahrstra%C3%9Fe,_StVO_2013.svg
Zeichen 332.1-20 - Ausfahrttafel auf anderen Straßen außerhalb der Autobahn, in Weiß mit Zielen nach Zeichen 432, StVO 2.png;Public domain;https://commons.wikimedia.org/wiki/File:Zeichen_332.1-20_-_Ausfahrttafel_auf_anderen_Stra%C3%9Fen_au%C3%9Ferhalb_der_Autobahn,_in_Wei%C3%9F_mit_Zielen_nach_Zeichen_432,_StVO_2017.svg
Zeichen 332.1 - Ausfahrttafel auf anderen Straßen außerhalb der Autobahn, StVO 2017.png;Public domain;https://commons.wikimedia.org/wiki/File:Zeichen_332.1_-_Ausfahrttafel_auf_anderen_Stra%C3%9Fen_au%C3%9Ferhalb_der_Autobahn,_StVO_2017.svg
Zeichen 332 - Ausfahrt von der Autobahn, StVO 1981.png;Public domain;https://commons.wikimedia.org/wiki/File:Zeichen_332_-_Ausfahrt_von_der_Autobahn,_StVO_1981.svg
Zeichen 333.1-20 - Ausfahrt von anderen Straßen außerhalb der Autobahn, in Weiß (in Verbindung mit Zeichen 332.1-20), 50.png;Public domain;https://commons.wikimedia.org/wiki/File:Zeichen_333.1-20_-_Ausfahrt_von_anderen_Stra%C3%9Fen_au%C3%9Ferhalb_der_Autobahn,_in_Wei%C3%9F_(in_Verbindung_mit_Zeichen_332.1-20),_500_x_2000,_StVO_2017.svg
Zeichen 333.1 - Ausfahrt von anderen Straßen außerhalb der Autobahn, StVO 2017.png;Public domain;https://commons.wikimedia.org/wiki/File:Zeichen_333.1_-_Ausfahrt_von_anderen_Stra%C3%9Fen_au%C3%9Ferhalb_der_Autobahn,_StVO_2017.svg
Zeichen 333 - Pfeilschild - Ausfahrt von der Autobahn, StVO 1980.png;Public domain;https://commons.wikimedia.org/wiki/File:Zeichen_333_-_Pfeilschild_-_Ausfahrt_von_der_Autobahn,_StVO_1980.svg
Zeichen 340 – Leitlinie, StVO 1970.png;Public domain;https://commons.wikimedia.org/wiki/File:Zeichen_340_%E2%80%93_Leitlinie,_StVO_1970.svg
Zeichen 341 – Wartelinie, StVO 1970.png;Public domain;https://commons.wikimedia.org/wiki/File:Zeichen_341_%E2%80%93_Wartelinie,_StVO_1970.svg
"Zeichen 342 - Haifischzähne; StVO 2020.png";Public domain;"https://commons.wikimedia.org/wiki/File:Zeichen_342_-_Haifischz%C3%A4hne;_StVO_2020.svg"
Zeichen 350-10 - Fußgängerüberweg (rechts), StVO 1992.png;Public domain;https://commons.wikimedia.org/wiki/File:Zeichen_350-10_-_Fu%C3%9Fg%C3%A4nger%C3%BCberweg_(rechts),_StVO_1992.svg
Zeichen 350-20 - Fußgängerüberweg (Linksaufstellung) einseitig, StVO 1992.png;Public domain;https://commons.wikimedia.org/wiki/File:Zeichen_350-20_-_Fu%C3%9Fg%C3%A4nger%C3%BCberweg_(Linksaufstellung)_einseitig,_StVO_1992.svg
"Zeichen 350.1-20 - Aufstellung links Radschnellweg; StVO 2020.png";Public domain;"https://commons.wikimedia.org/wiki/File:Zeichen_350.1-20_-_Aufstellung_links_Radschnellweg;_StVO_2020.svg"
"Zeichen 350.1 - Radschnellweg; StVO 2020.png";Public domain;"https://commons.wikimedia.org/wiki/File:Zeichen_350.1_-_Radschnellweg;_StVO_2020.svg"
"Zeichen 350.2-20 - Ende des Radschnellwegs - Aufstellung links; StVO 2020.png";Public domain;"https://commons.wikimedia.org/wiki/File:Zeichen_350.2-20_-_Ende_des_Radschnellwegs_-_Aufstellung_links;_StVO_2020.svg"
"Zeichen 350.2 - Ende des Radschnellwegs; StVO 2020.png";Public domain;"https://commons.wikimedia.org/wiki/File:Zeichen_350.2_-_Ende_des_Radschnellwegs;_StVO_2020.svg"
Zeichen 353 - Einbahnstraße (600x600), StVO 1992.png;Public domain;https://commons.wikimedia.org/wiki/File:Zeichen_353_-_Einbahnstra%C3%9Fe_(600x600),_StVO_1992.svg
Zeichen 354 - Wasserschutzgebiet, StVO 1988.png;Public domain;https://commons.wikimedia.org/wiki/File:Zeichen_354_-_Wasserschutzgebiet,_StVO_1988.svg
Zeichen 354 - Wasserschutzgebiet, StVO 1992.png;Public domain;https://commons.wikimedia.org/wiki/File:Zeichen_354_-_Wasserschutzgebiet,_StVO_1988.svg
Zeichen 356 - Verkehrshelfer, StVO 1992.png;Public domain;https://commons.wikimedia.org/wiki/File:Zeichen_356_-_Verkehrshelfer,_StVO_1992.svg
Zeichen 357-50 - Durchlässige Sackgasse für Fußgänger und Radverkehr, StVO 2009.png;Public domain;https://commons.wikimedia.org/wiki/File:Zeichen_357-50_-_Durchl%C3%A4ssige_Sackgasse_f%C3%BCr_Fu%C3%9Fg%C3%A4nger_und_Radverkehr,_StVO_2009.svg
"Zeichen 357-51 - Sackgasse; für Fußgänger durchlässige Sackgasse, StVO 2009.png";Public domain;"https://commons.wikimedia.org/wiki/File:Zeichen_357-51_-_Sackgasse;_f%C3%BCr_Fu%C3%9Fg%C3%A4nger_durchl%C3%A4ssige_Sackgasse,_StVO_2009.svg"
"Zeichen 357-52 - Sackgasse; für Radverkehr durchlässige Sackgasse, StVO 2009.png";Public domain;"https://commons.wikimedia.org/wiki/File:Zeichen_357-52_-_Sackgasse;_f%C3%BCr_Radverkehr_durchl%C3%A4ssige_Sackgasse,_StVO_2009.svg"
Zeichen 357 - Sackgasse, StVO 1992.png;Public domain;https://commons.wikimedia.org/wiki/File:Zeichen_357_-_Sackgasse,_StVO_1992.svg
Zeichen 358 - Erste Hilfe, StVO 1992.png;Public domain;https://commons.wikimedia.org/wiki/File:Zeichen_358_-_Erste_Hilfe,_StVO_1992.svg
Zeichen 363 - Polizei, StVO 1992.png;Public domain;https://commons.wikimedia.org/wiki/File:Zeichen_363_-_Polizei,_StVO_1992.svg
Zeichen 365-50 - Fernsprecher, StVO 2013.png;Public domain;https://commons.wikimedia.org/wiki/File:Zeichen_365-50_-_Fernsprecher,_StVO_2013.svg
Zeichen 365-51 - Notrufsäule, StVO 2006.png;Public domain;https://commons.wikimedia.org/wiki/File:Zeichen_365-51_-_Notrufs%C3%A4ule,_StVO_2006.svg
Zeichen 365-52 - Tankstelle, StVO 2013.png;Public domain;https://commons.wikimedia.org/wiki/File:Zeichen_365-52_-_Tankstelle,_StVO_2013.svg
Zeichen 365-53 - Autogastankstelle, StVO 2006.png;Public domain;https://commons.wikimedia.org/wiki/File:Zeichen_365-53_-_Autogastankstelle,_StVO_2006.svg
Zeichen 365-54 - Erdgastankstelle, StVO 2006.png;Public domain;https://commons.wikimedia.org/wiki/File:Zeichen_365-54_-_Erdgastankstelle,_StVO_2006.svg
Zeichen 365-55 - Autobahnhotel, StVO 2013.png;Public domain;https://commons.wikimedia.org/wiki/File:Zeichen_365-55_-_Autobahnhotel,_StVO_2013.svg
Zeichen 365-56 - Autobahngasthaus (600x600), StVO 2013.png;Public domain;https://commons.wikimedia.org/wiki/File:Zeichen_365-56_-_Autobahngasthaus_(600x600),_StVO_2013.svg
Zeichen 365-57 - Autobahnkiosk (600x600), StVO 2013.png;Public domain;https://commons.wikimedia.org/wiki/File:Zeichen_365-57_-_Autobahnkiosk_(600x600),_StVO_2013.svg
Zeichen 365-58 - Toilette (600x600), StVO 2013.png;Public domain;https://commons.wikimedia.org/wiki/File:Zeichen_365-58_-_Toilette_(600x600),_StVO_2013.svg
Zeichen 365-58 - Toilette (600x600), StVO 2017.png;Public domain;https://commons.wikimedia.org/wiki/File:Zeichen_365-58_-_Toilette_(600x600),_StVO_2013.svg
Zeichen 365-59 - Autobahnkapelle, StVO 2013.png;Public domain;https://commons.wikimedia.org/wiki/File:Zeichen_365-59_-_Autobahnkapelle,_StVO_2013.svg
Zeichen 365-60 - Zelt- und Wohnwagenplatz, StVO 2013.png;Public domain;https://commons.wikimedia.org/wiki/File:Zeichen_365-60_-_Zelt-_und_Wohnwagenplatz,_StVO_2013.svg
Zeichen 365-61 - Informationsstelle, StVO 2013.png;Public domain;https://commons.wikimedia.org/wiki/File:Zeichen_365-61_-_Informationsstelle,_StVO_2013.svg
Zeichen 365-62 - Pannenhilfe (600x600), StVO 2013.png;Public domain;https://commons.wikimedia.org/wiki/File:Zeichen_365-62_-_Pannenhilfe_(600x600),_StVO_2013.svg
Zeichen 365-63 - Fußgängerunterführung, StVO 2013.png;Public domain;https://commons.wikimedia.org/wiki/File:Zeichen_365-63_-_Fu%C3%9Fg%C3%A4ngerunterf%C3%BChrung,_StVO_2013.svg
Zeichen 365-64 - Fußgängerüberführung, StVO 2013.png;Public domain;https://commons.wikimedia.org/wiki/File:Zeichen_365-64_-_Fu%C3%9Fg%C3%A4nger%C3%BCberf%C3%BChrung,_StVO_2013.svg
Zeichen 365-65 - Ladestation für Elektrofahrzeuge, StVO 2014.png;Public domain;https://commons.wikimedia.org/wiki/File:Zeichen_365-65_-_Ladestation_f%C3%BCr_Elektrofahrzeuge,_StVO_2014.svg
Zeichen 365-66 - Wasserstofftankstelle, StVO 2014.png;Public domain;https://commons.wikimedia.org/wiki/File:Zeichen_365-66_-_Wasserstofftankstelle,_StVO_2014.svg
Zeichen 365-67 - Wohnmobilplatz, StVO 2017.png;Public domain;https://commons.wikimedia.org/wiki/File:Zeichen_365-67_-_Wohnmobilplatz,_StVO_2017.svg
Zeichen 365-68 - Wohnmobil- und Wohnwagenplatz, StVO 2017.png;Public domain;https://commons.wikimedia.org/wiki/File:Zeichen_365-68_-_Wohnmobil-_und_Wohnwagenplatz,_StVO_2017.svg
Zeichen 365-69 Tankstelle mit Flüssigerdgas.png;Public domain;https://commons.wikimedia.org/wiki/File:Zeichen_365-69_Tankstelle_mit_Fl%C3%BCssigerdgas.svg
Zeichen 365-70 Tankstelle mit Tankmöglichkeit verschiedener Kraftstoffarten.png;Public domain;https://commons.wikimedia.org/wiki/File:Zeichen_365-70_Tankstelle_mit_Tankm%C3%B6glichkeit_verschiedener_Kraftstoffarten.svg
Zeichen 365-71 Tankstelle mit Tankmöglichkeit aller Kraftstoffarten.png;Public domain;https://commons.wikimedia.org/wiki/File:Zeichen_365-71_Tankstelle_mit_Tankm%C3%B6glichkeit_aller_Kraftstoffarten.svg
Zeichen 380-52 - Richtgeschwindigkeit 80 km-h, StVO 1992.png;Public domain;https://commons.wikimedia.org/wiki/File:Zeichen_380-52_-_Richtgeschwindigkeit_80_km-h,_StVO_1992.svg
Zeichen 380-54 - Richtgeschwindigkeit 100 km-h, StVO 1992.png;Public domain;https://commons.wikimedia.org/wiki/File:Zeichen_380-54_-_Richtgeschwindigkeit_100_km-h,_StVO_1992.svg
Zeichen 381-52 - Ende der Richtgeschwindigkeit 80 km-h, StVO 1992.png;Public domain;https://commons.wikimedia.org/wiki/File:Zeichen_381-52_-_Ende_der_Richtgeschwindigkeit_80_km-h,_StVO_1992.svg
Zeichen 381-54 - Ende der Richtgeschwindigkeit 100 km-h, StVO 1992.png;Public domain;https://commons.wikimedia.org/wiki/File:Zeichen_381-54_-_Ende_der_Richtgeschwindigkeit_100_km-h,_StVO_1992.svg
Zeichen 385 - Ortshinweistafel, StVO 1988.png;Public domain;https://commons.wikimedia.org/wiki/File:Zeichen_385_-_Ortshinweistafel,_StVO_1988.svg
Zeichen 386.1-10 - Touristischer Hinweis als Wegweiser - Wegweiser linksweisend, StVO 2013.png;Public domain;https://commons.wikimedia.org/wiki/File:Zeichen_386.1-10_-_Touristischer_Hinweis_als_Wegweiser_-_Wegweiser_linksweisend,_StVO_2013.svg
Zeichen 386.1-11 - Touristischer Hinweis als Wegweiser - Vorwegweiser linksweisend, StVO 2017.png;Public domain;https://commons.wikimedia.org/wiki/File:Zeichen_386.1-11_-_Touristischer_Hinweis_als_Wegweiser_-_Vorwegweiser_linksweisend,_StVO_2017.svg
Zeichen 386.1-12 - Touristischer Hinweis als Wegweiser - Pfeilwegweiser linksweisend, StVO 2013.png;Public domain;https://commons.wikimedia.org/wiki/File:Zeichen_386.1-12_-_Touristischer_Hinweis_als_Wegweiser_-_Pfeilwegweiser_linksweisend,_StVO_2013.svg
Zeichen 386.1-20 - Touristischer Hinweis als Wegweiser - Wegweiser rechtsweisend, StVO 2013.png;Public domain;https://commons.wikimedia.org/wiki/File:Zeichen_386.1-20_-_Touristischer_Hinweis_als_Wegweiser_-_Wegweiser_rechtsweisend,_StVO_2013.svg
Zeichen 386.1-21 - Touristischer Hinweis als Wegweiser - Vorwegweiser rechtsweisend, StVO 2017.png;Public domain;https://commons.wikimedia.org/wiki/File:Zeichen_386.1-21_-_Touristischer_Hinweis_als_Wegweiser_-_Vorwegweiser_rechtsweisend,_StVO_2017.svg
Zeichen 386.1-22 - Touristischer Hinweis als Wegweiser - Pfeilwegweiser rechtsweisend, StVO 2013.png;Public domain;https://commons.wikimedia.org/wiki/File:Zeichen_386.1-22_-_Touristischer_Hinweis_als_Wegweiser_-_Pfeilwegweiser_rechtsweisend,_StVO_2013.svg
Zeichen 386.1-30 - Touristischer Hinweis als Wegweiser - Vor- Wegweiser geradeaus, StVO 2017.png;Public domain;https://commons.wikimedia.org/wiki/File:Zeichen_386.1-30_-_Touristischer_Hinweis_als_Wegweiser_-_Vor-_Wegweiser_geradeaus,_StVO_2017.svg
Zeichen 386.1-50 - Touristischer Hinweis mit Bezugsziel - Variante „in“, StVO 2017.png;Public domain;https://commons.wikimedia.org/wiki/File:Zeichen_386.1-50_-_Touristischer_Hinweis_mit_Bezugsziel_-_Variante_%E2%80%9Ein%E2%80%9C,_StVO_2017.svg
Zeichen 386.1-51 - Touristischer Hinweis mit Bezugsziel - Variante „via“, StVO 2017.png;Public domain;https://commons.wikimedia.org/wiki/File:Zeichen_386.1-51_-_Touristischer_Hinweis_mit_Bezugsziel_-_Variante_%E2%80%9Evia%E2%80%9C,_StVO_2017.svg
Zeichen 386.1-52 - Touristischer Hinweis mit Bezugsziel - Variante „Richtung ...“, StVO 2017.png;Public domain;https://commons.wikimedia.org/wiki/File:Zeichen_386.1-52_-_Touristischer_Hinweis_mit_Bezugsziel_-_Variante_%E2%80%9ERichtung_...%E2%80%9C,_StVO_2017.svg
"Zeichen 386.1-53 - Touristischer Hinweis Fluss oder Kanal, 600x900; StVO 2017.png";Public domain;"https://commons.wikimedia.org/wiki/File:Zeichen_386.1-53_-_Touristischer_Hinweis_Fluss_oder_Kanal,_600x900;_StVO_2017.svg"
Zeichen 386.1 - Touristischer Hinweis (333x1000), StVO 2013.png;Public domain;https://commons.wikimedia.org/wiki/File:Zeichen_386.1_-_Touristischer_Hinweis_(333x1000),_StVO_2013.svg
"Zeichen 386.2-10 - Touristische Route, Wegweiser linksweisend; StVO 2017.png";Public domain;"https://commons.wikimedia.org/wiki/File:Zeichen_386.2-10_-_Touristische_Route,_Wegweiser_linksweisend;_StVO_2017.svg"
"Zeichen 386.2-11 - Touristische Route, Vorwegweiser linksweisend; StVO 2017.png";Public domain;"https://commons.wikimedia.org/wiki/File:Zeichen_386.2-11_-_Touristische_Route,_Vorwegweiser_linksweisend;_StVO_2017.svg"
Zeichen 386.2-12 - Touristische Route, Pfeilwegweiser linksweisend, StVO 2017.png;Public domain;https://commons.wikimedia.org/wiki/File:Zeichen_386.2-12_-_Touristische_Route,_Pfeilwegweiser_linksweisend,_StVO_2017.svg
"Zeichen 386.2-20 - Touristische Route, Wegweiser rechtsweisend; StVO 2017.png";Public domain;"https://commons.wikimedia.org/wiki/File:Zeichen_386.2-20_-_Touristische_Route,_Wegweiser_rechtsweisend;_StVO_2017.svg"
"Zeichen 386.2-21 - Touristische Route, Vorwegweiser rechtsweisend; StVO 2017.png";Public domain;"https://commons.wikimedia.org/wiki/File:Zeichen_386.2-21_-_Touristische_Route,_Vorwegweiser_rechtsweisend;_StVO_2017.svg"
Zeichen 386.2-22 - Touristische Route, Pfeilwegweiser rechtsweisend, StVO 2017.png;Public domain;https://commons.wikimedia.org/wiki/File:Zeichen_386.2-22_-_Touristische_Route,_Pfeilwegweiser_rechtsweisend,_StVO_2017.svg
Zeichen 386.2-30 - Touristische Route, Vor- Wegweiser geradeaus, StVO 2017.png;Public domain;https://commons.wikimedia.org/wiki/File:Zeichen_386.2-30_-_Touristische_Route,_Vor-_Wegweiser_geradeaus,_StVO_2017.svg
Zeichen 386.2-51 - Touristischer Hinweis mit Bezugsziel „via“, StVO 2017.png;Public domain;https://commons.wikimedia.org/wiki/File:Zeichen_386.2-51_-_Touristischer_Hinweis_mit_Bezugsziel_%E2%80%9Evia%E2%80%9C,_StVO_2017.svg
Zeichen 386.2-52 - Touristischer Hinweis mit Bezugsziel „Richtung“, StVO 2017.png;Public domain;https://commons.wikimedia.org/wiki/File:Zeichen_386.2-52_-_Touristischer_Hinweis_mit_Bezugsziel_%E2%80%9ERichtung%E2%80%9C,_StVO_2017.svg
Zeichen 386.2-53 - Touristische Route als Hinweisschild, StVO 2017.png;Public domain;https://commons.wikimedia.org/wiki/File:Zeichen_386.2-53_-_Touristische_Route_als_Hinweisschild,_StVO_2017.svg
Zeichen 386.2 - touristische Unterrichtungstafel, StVO 2009.png;Public domain;https://commons.wikimedia.org/wiki/File:Zeichen_386.2_-_touristische_Unterrichtungstafel,_StVO_2009.svg
"Zeichen 386.3-50 - Touristische Unterrichtungstafel, Erinnerungstafel gemäß „Brocken-Erklärung“; StVO 2008.png";Public domain;"https://commons.wikimedia.org/wiki/File:Zeichen_386.3-50_-_Touristische_Unterrichtungstafel,_Erinnerungstafel_gem%C3%A4%C3%9F_%E2%80%9EBrocken-Erkl%C3%A4rung%E2%80%9C;_StVO_2008.svg"
Zeichen 386.3 - Touristische Unterrichtungstafel (2400x3600) - StVO 2013.png;Public domain;https://commons.wikimedia.org/wiki/File:Zeichen_386.3_-_Touristische_Unterrichtungstafel_(2400x3600)_-_StVO_2013.svg
Zeichen 388 - Seitenstreifen für mehrspurige Kraftfahrzeuge nicht befahrbar, StVO 1992.png;Public domain;https://commons.wikimedia.org/wiki/File:Zeichen_388_-_Seitenstreifen_f%C3%BCr_mehrspurige_Kraftfahrzeuge_nicht_befahrbar,_StVO_1992.svg
Zeichen 389 - Seitenstreifen für Fahrzeuge nicht befahrbar, StVO 1992.png;Public domain;https://commons.wikimedia.org/wiki/File:Zeichen_389_-_Seitenstreifen_f%C3%BCr_Fahrzeuge_nicht_befahrbar,_StVO_1992.svg
Zeichen 390.2 - Ende der Mautpflicht nach dem Bundesfernstraßenmautgesetz, StVO 2015.png;Public domain;https://commons.wikimedia.org/wiki/File:Zeichen_390.2_-_Ende_der_Mautpflicht_nach_dem_Bundesfernstra%C3%9Fenmautgesetz,_StVO_2015.svg
Zeichen 390 - Mautpflicht nach dem Bundesfernstraßenmautgesetz, StVO 2004.png;Public domain;https://commons.wikimedia.org/wiki/File:Zeichen_390_-_Mautpflicht_nach_dem_Bundesfernstra%C3%9Fenmautgesetz,_StVO_2004.svg
Zeichen 391 - Mautpflichtige Strecke, StVO 2003.png;Public domain;https://commons.wikimedia.org/wiki/File:Zeichen_391_-_Mautpflichtige_Strecke,_StVO_2003.svg
Zeichen 392 - Zollstelle, StVO 1970.png;Public domain;https://commons.wikimedia.org/wiki/File:Zeichen_392_-_Zollstelle,_StVO_1970.svg
Zeichen 393 a - Informationstafel an Grenzübergangsstellen (an Autobahnen und Straßen mit hoher Verkehrsbedeutung), StVO.png;Public domain;https://commons.wikimedia.org/wiki/File:Zeichen_393_a_-_Informationstafel_an_Grenz%C3%BCbergangsstellen_(an_Autobahnen_und_Stra%C3%9Fen_mit_hoher_Verkehrsbedeutung),_StVO_1981.svg
Zeichen 393 b - Informationstafel an Grenzübergängen (an sonstigen Straßen außerhalb der Autobahn), StVO 1981.png;Public domain;https://commons.wikimedia.org/wiki/File:Zeichen_393_b_-_Informationstafel_an_Grenz%C3%BCberg%C3%A4ngen_(an_sonstigen_Stra%C3%9Fen_au%C3%9Ferhalb_der_Autobahn),_StVO_1981.svg
Zeichen 394.png;Public domain;https://commons.wikimedia.org/wiki/File:Zeichen_394_-_Schild_f%C3%BCr_Laternen,_StVO_1970.svg
Zeichen 394 - Laternenring (selbstklebende Folie), StVO 2013.png;Public domain;https://commons.wikimedia.org/wiki/File:Zeichen_394_-_Laternenring_(selbstklebende_Folie),_StVO_2013.svg
Zeichen 394 - Schild für Laternen, StVO 1970.png;Public domain;https://commons.wikimedia.org/wiki/File:Zeichen_394_-_Schild_f%C3%BCr_Laternen,_StVO_1970.svg
Zeichen 405 - Nummernschild für Autobahnen, StVO 1992.png;Public domain;https://commons.wikimedia.org/wiki/File:Zeichen_405_-_Nummernschild_f%C3%BCr_Autobahnen,_StVO_1992.svg
"Zeichen 406-50 - Knotenpunkte der Autobahnen (ein- oder zweistellige Nummer), 650x650; StVO 2013.png";Public domain;"https://commons.wikimedia.org/wiki/File:Zeichen_406-50_-_Knotenpunkte_der_Autobahnen_(ein-_oder_zweistellige_Nummer),_650x650;_StVO_2013.svg"
"Zeichen 406-51 - Knotenpunkte der Autobahnen (drei oder mehrstellige Nummer), 650x1050; StVO 2013.png";Public domain;"https://commons.wikimedia.org/wiki/File:Zeichen_406-51_-_Knotenpunkte_der_Autobahnen_(drei_oder_mehrstellige_Nummer),_650x1050;_StVO_2013.svg"
Zeichen 410 - Nummernschild für Europastraßen, StVO 1992.png;Public domain;https://commons.wikimedia.org/wiki/File:Zeichen_410_-_Nummernschild_f%C3%BCr_Europastra%C3%9Fen,_StVO_1992.svg
Zeichen 415-10 - Wegweiser auf Bundesstraßen (linksweisend), StVO 1992.png;Public domain;https://commons.wikimedia.org/wiki/File:Zeichen_415-10_-_Wegweiser_auf_Bundesstra%C3%9Fen_(linksweisend),_StVO_1992.svg
Zeichen 415-20 - Wegweiser auf Bundesstraßen (rechtsweisend), StVO 1992.png;Public domain;https://commons.wikimedia.org/wiki/File:Zeichen_415-20_-_Wegweiser_auf_Bundesstra%C3%9Fen_(rechtsweisend),_StVO_1992.svg
Zeichen 418-10 - Wegweiser auf sonstigen Straßen mit größerer Verkehrsbedeutung (linksweisend), StVO 1992.png;Public domain;https://commons.wikimedia.org/wiki/File:Zeichen_418-10_-_Wegweiser_auf_sonstigen_Stra%C3%9Fen_mit_gr%C3%B6%C3%9Ferer_Verkehrsbedeutung_(linksweisend),_StVO_1992.svg
Zeichen 418-20 - Wegweiser auf sonstigen Straßen mit größerer Verkehrsbedeutung (rechtsweisend), StVO 1992.png;Public domain;https://commons.wikimedia.org/wiki/File:Zeichen_418-20_-_Wegweiser_auf_sonstigen_Stra%C3%9Fen_mit_gr%C3%B6%C3%9Ferer_Verkehrsbedeutung_(rechtsweisend),_StVO_1992.svg
"Zeichen 419-10 – Pfeilwegweiser auf sonstigen Straßen mit geringerer Verkehrsbedeutung - linksweisend; StVO 2013.png";Public domain;"https://commons.wikimedia.org/wiki/File:Zeichen_419-10_%E2%80%93_Pfeilwegweiser_auf_sonstigen_Stra%C3%9Fen_mit_geringerer_Verkehrsbedeutung_-_linksweisend;_StVO_2013.svg"
Zeichen 419-20 – Pfeilwegweiser auf sonstigen Straßen mit geringerer Verkehrsbedeutung, StVO 2013.png;Public domain;https://commons.wikimedia.org/wiki/File:Zeichen_419-20_%E2%80%93_Pfeilwegweiser_auf_sonstigen_Stra%C3%9Fen_mit_geringerer_Verkehrsbedeutung,_StVO_2013.svg
Zeichen 421-10 - Wegweiser für Lastkraftwagen (linksweisend), StVO 1992.png;Public domain;https://commons.wikimedia.org/wiki/File:Zeichen_421-10_-_Wegweiser_f%C3%BCr_Lastkraftwagen_(linksweisend),_StVO_1992.svg
Zeichen 421-11 - Wegweiser für kennzeichnungspflichtige Fahrzeuge (linksweisend), StVO 1992.png;Public domain;https://commons.wikimedia.org/wiki/File:Zeichen_421-11_-_Wegweiser_f%C3%BCr_kennzeichnungspflichtige_Fahrzeuge_(linksweisend),_StVO_1992.svg
Zeichen 421-12 - Wegweiser für Fahrzeuge mit wassergefährdender Ladung (linksweisend), StVO 1992.png;Public domain;https://commons.wikimedia.org/wiki/File:Zeichen_421-12_-_Wegweiser_f%C3%BCr_Fahrzeuge_mit_wassergef%C3%A4hrdender_Ladung_(linksweisend),_StVO_1992.svg
Zeichen 421-20 - Wegweiser für Lastkraftwagen (rechtsweisend), StVO 1992.png;Public domain;https://commons.wikimedia.org/wiki/File:Zeichen_421-20_-_Wegweiser_f%C3%BCr_Lastkraftwagen_(rechtsweisend),_StVO_1992.svg
Zeichen 421-21 - Wegweiser für kennzeichnungspflichtige Fahrzeuge (rechtsweisend), StVO 1992.png;Public domain;https://commons.wikimedia.org/wiki/File:Zeichen_421-21_-_Wegweiser_f%C3%BCr_kennzeichnungspflichtige_Fahrzeuge_(rechtsweisend),_StVO_1992.svg
Zeichen 421-22 - Wegweiser für Fahrzeuge mit wassergefährdender Ladung (rechtsweisend), StVO 1992.png;Public domain;https://commons.wikimedia.org/wiki/File:Zeichen_421-22_-_Wegweiser_f%C3%BCr_Fahrzeuge_mit_wassergef%C3%A4hrdender_Ladung_(rechtsweisend),_StVO_1992.svg
"Zeichen 422-10 - Wegweiser für bestimmte Verkehrsarten „KFZ mit einer zulässigen Gesamtmasse über 3,5 t“ - hier links; S.png";Public domain;"https://commons.wikimedia.org/wiki/File:Zeichen_422-10_-_Wegweiser_f%C3%BCr_bestimmte_Verkehrsarten_%E2%80%9EKFZ_mit_einer_zul%C3%A4ssigen_Gesamtmasse_%C3%BCber_3,5_t%E2%80%9C_-_hier_links;_StVO_2013.svg"
Zeichen 422-11 - Wegweiser für bestimmte Verkehrsarten „KFZ mit einer zulässigen Gesamtmasse über 3,5 t“ - links einordn.png;Public domain;"https://commons.wikimedia.org/wiki/File:Zeichen_422-11_-_Wegweiser_f%C3%BCr_bestimmte_Verkehrsarten_%E2%80%9EKFZ_mit_einer_zul%C3%A4ssigen_Gesamtmasse_%C3%BCber_3,5_t%E2%80%9C_-_links_einordnen;_StVO_2013.svg"
Zeichen 422-12 - Wegweiser für bestimmte Verkehrsarten „kennzeichnungspflichtige Fahrzeuge mit gefährlichen Gütern“ − hi.png;Public domain;"https://commons.wikimedia.org/wiki/File:Zeichen_422-12_-_Wegweiser_f%C3%BCr_bestimmte_Verkehrsarten_%E2%80%9Ekennzeichnungspflichtige_Fahrzeuge_mit_gef%C3%A4hrlichen_G%C3%BCtern%E2%80%9C_%E2%88%92_hier_links;_StVO_2013.svg"
Zeichen 422-13 - Wegweiser für bestimmte Verkehrsarten „kennzeichnungspflichtige Fahrzeuge mit gefährlichen Gütern“ − li.png;Public domain;"https://commons.wikimedia.org/wiki/File:Zeichen_422-13_-_Wegweiser_f%C3%BCr_bestimmte_Verkehrsarten_%E2%80%9Ekennzeichnungspflichtige_Fahrzeuge_mit_gef%C3%A4hrlichen_G%C3%BCtern%E2%80%9C_%E2%88%92_links_einordnen;_StVO_2013.svg"
Zeichen 422-14 - Wegweiser für bestimmte Verkehrsarten „Fahrzeuge mit wassergefährdender Ladung“ - hier links StVO 2013.png;Public domain;https://commons.wikimedia.org/wiki/File:Zeichen_422-14_-_Wegweiser_f%C3%BCr_bestimmte_Verkehrsarten_%E2%80%9EFahrzeuge_mit_wassergef%C3%A4hrdender_Ladung%E2%80%9C_-_hier_links_StVO_2013.svg
"Zeichen 422-15 - Wegweiser für bestimmte Verkehrsarten „Fahrzeuge mit wassergefährdender Ladung“ - links einordnen; StVO.png";Public domain;"https://commons.wikimedia.org/wiki/File:Zeichen_422-15_-_Wegweiser_f%C3%BCr_bestimmte_Verkehrsarten_%E2%80%9EFahrzeuge_mit_wassergef%C3%A4hrdender_Ladung%E2%80%9C_-_links_einordnen;_StVO_2013.svg"
"Zeichen 422-16 - Wegweiser für bestimmte Verkehrsarten „Radverkehr“ − hier links; StVO 2017.png";Public domain;"https://commons.wikimedia.org/wiki/File:Zeichen_422-16_-_Wegweiser_f%C3%BCr_bestimmte_Verkehrsarten_%E2%80%9ERadverkehr%E2%80%9C_%E2%88%92_hier_links;_StVO_2017.svg"
"Zeichen 422-17 - Wegweiser für bestimmte Verkehrsarten „Radverkehr“ - links einordnen; StVO 2017.png";Public domain;"https://commons.wikimedia.org/wiki/File:Zeichen_422-17_-_Wegweiser_f%C3%BCr_bestimmte_Verkehrsarten_%E2%80%9ERadverkehr%E2%80%9C_-_links_einordnen;_StVO_2017.svg"
"Zeichen 422-20 - Wegweiser für bestimmte Verkehrsarten „KFZ mit einer zulässigen Gesamtmasse über 3,5 t“ - hier rechts; .png";Public domain;"https://commons.wikimedia.org/wiki/File:Zeichen_422-20_-_Wegweiser_f%C3%BCr_bestimmte_Verkehrsarten_%E2%80%9EKFZ_mit_einer_zul%C3%A4ssigen_Gesamtmasse_%C3%BCber_3,5_t%E2%80%9C_-_hier_rechts;_StVO_2013.svg"
Zeichen 422-21 - Wegweiser für bestimmte Verkehrsarten „KFZ mit einer zulässigen Gesamtmasse über 3,5 t“ - rechts einord.png;Public domain;"https://commons.wikimedia.org/wiki/File:Zeichen_422-21_-_Wegweiser_f%C3%BCr_bestimmte_Verkehrsarten_%E2%80%9EKFZ_mit_einer_zul%C3%A4ssigen_Gesamtmasse_%C3%BCber_3,5_t%E2%80%9C_-_rechts_einordnen;_StVO_2013.svg"
Zeichen 422-22 - Wegweiser für bestimmte Verkehrsarten „kennzeichnungspflichtige Fahrzeuge mit gefährlichen Gütern“ − hi.png;Public domain;"https://commons.wikimedia.org/wiki/File:Zeichen_422-22_-_Wegweiser_f%C3%BCr_bestimmte_Verkehrsarten_%E2%80%9Ekennzeichnungspflichtige_Fahrzeuge_mit_gef%C3%A4hrlichen_G%C3%BCtern%E2%80%9C_%E2%88%92_hier_rechts;_StVO_2013.svg"
Zeichen 422-23 - Wegweiser für bestimmte Verkehrsarten „kennzeichnungspflichtige Fahrzeuge mit gefährlichen Gütern“ − re.png;Public domain;"https://commons.wikimedia.org/wiki/File:Zeichen_422-23_-_Wegweiser_f%C3%BCr_bestimmte_Verkehrsarten_%E2%80%9Ekennzeichnungspflichtige_Fahrzeuge_mit_gef%C3%A4hrlichen_G%C3%BCtern%E2%80%9C_%E2%88%92_rechts_einordnen;_StVO_2013.svg"
"Zeichen 422-24 - Wegweiser für bestimmte Verkehrsarten _Fahrzeuge mit wassergefährdender Ladung - hier rechts; StVO 2013.png";Public domain;"https://commons.wikimedia.org/wiki/File:Zeichen_422-24_-_Wegweiser_f%C3%BCr_bestimmte_Verkehrsarten_%22Fahrzeuge_mit_wassergef%C3%A4hrdender_Ladung_-_hier_rechts;_StVO_2013.svg"
"Zeichen 422-25 - Wegweiser für bestimmte Verkehrsarten „Fahrzeuge mit wassergefährdender Ladung“ - rechts einordnen; StV.png";Public domain;"https://commons.wikimedia.org/wiki/File:Zeichen_422-25_-_Wegweiser_f%C3%BCr_bestimmte_Verkehrsarten_%E2%80%9EFahrzeuge_mit_wassergef%C3%A4hrdender_Ladung%E2%80%9C_-_rechts_einordnen;_StVO_2013.svg"
"Zeichen 422-26 - Wegweiser für bestimmte Verkehrsarten „Radverkehr“ − hier rechts; StVO 2017.png";Public domain;"https://commons.wikimedia.org/wiki/File:Zeichen_422-26_-_Wegweiser_f%C3%BCr_bestimmte_Verkehrsarten_%E2%80%9ERadverkehr%E2%80%9C_%E2%88%92_hier_rechts;_StVO_2017.svg"
"Zeichen 422-27 - Wegweiser für bestimmte Verkehrsarten „Radverkehr“ - rechts einordnen; StVO 2017.png";Public domain;"https://commons.wikimedia.org/wiki/File:Zeichen_422-27_-_Wegweiser_f%C3%BCr_bestimmte_Verkehrsarten_%E2%80%9ERadverkehr%E2%80%9C_-_rechts_einordnen;_StVO_2017.svg"
"Zeichen 422-30 - Wegweiser für bestimmte Verkehrsarten „KFZ mit einer zulässigen Gesamtmasse über 3,5 t“ - geradeaus; St.png";Public domain;"https://commons.wikimedia.org/wiki/File:Zeichen_422-30_-_Wegweiser_f%C3%BCr_bestimmte_Verkehrsarten_%E2%80%9EKFZ_mit_einer_zul%C3%A4ssigen_Gesamtmasse_%C3%BCber_3,5_t%E2%80%9C_-_geradeaus;_StVO_2013.svg"
Zeichen 422-31 - Wegweiser für bestimmte Verkehrsarten „kennzeichnungspflichtige Fahrzeuge mit gefährlichen Gütern“ - ge.png;Public domain;"https://commons.wikimedia.org/wiki/File:Zeichen_422-31_-_Wegweiser_f%C3%BCr_bestimmte_Verkehrsarten_%E2%80%9Ekennzeichnungspflichtige_Fahrzeuge_mit_gef%C3%A4hrlichen_G%C3%BCtern%E2%80%9C_-_geradeaus;_StVO_2013.svg"
"Zeichen 422-34 - Wegweiser für bestimmte Verkehrsarten „Fahrzeuge mit wassergefährdender Ladung“ - geradeaus; StVO 2017.png";Public domain;"https://commons.wikimedia.org/wiki/File:Zeichen_422-34_-_Wegweiser_f%C3%BCr_bestimmte_Verkehrsarten_%E2%80%9EFahrzeuge_mit_wassergef%C3%A4hrdender_Ladung%E2%80%9C_-_geradeaus;_StVO_2017.svg"
"Zeichen 422-36 - Wegweiser für bestimmte Verkehrsarten „Radverkehr“ - geradeaus; StVO 2017.png";Public domain;"https://commons.wikimedia.org/wiki/File:Zeichen_422-36_-_Wegweiser_f%C3%BCr_bestimmte_Verkehrsarten_%E2%80%9ERadverkehr%E2%80%9C_-_geradeaus;_StVO_2017.svg"
Zeichen 430-10 - Wegweiser zur Autobahn, StVO 1992.png;Public domain;https://commons.wikimedia.org/wiki/File:Zeichen_430-10_-_Wegweiser_zur_Autobahn,_StVO_1992.svg
Zeichen 430-20 - Wegweiser zur Autobahn, StVO 1992.png;Public domain;https://commons.wikimedia.org/wiki/File:Zeichen_430-20_-_Wegweiser_zur_Autobahn,_StVO_1992.svg
Zeichen 432-10 - Wegweiser zu innerörtlichen Zielen und zu Einrichtungen mit erheblicher Verkehrsbedeutung (linksweisend.png;Public domain;https://commons.wikimedia.org/wiki/File:Zeichen_432-10_-_Wegweiser_zu_inner%C3%B6rtlichen_Zielen_und_zu_Einrichtungen_mit_erheblicher_Verkehrsbedeutung_(linksweisend,_nach_RWB),_StVO_1992.svg
Zeichen 432-20 - Wegweiser zu innerörtlichen Zielen und zu Einrichtungen mit erheblicher Verkehrsbedeutung (rechtsweisen.png;Public domain;https://commons.wikimedia.org/wiki/File:Zeichen_432-20_-_Wegweiser_zu_inner%C3%B6rtlichen_Zielen_und_zu_Einrichtungen_mit_erheblicher_Verkehrsbedeutung_(rechtsweisend,_nach_RWB),_StVO_1992.svg
Zeichen 434-50 - Tabellenwegweiser, kompakte Form (nach RWB), StVO 2017.png;Public domain;https://commons.wikimedia.org/wiki/File:Zeichen_434-50_-_Tabellenwegweiser,_kompakte_Form_(nach_RWB),_StVO_2017.svg
Zeichen 434-51 - Tabellenwegweiser teilaufgelöste Form (nach RWBA), StVO 2017.png;Public domain;https://commons.wikimedia.org/wiki/File:Zeichen_434-51_-_Tabellenwegweiser_teilaufgel%C3%B6ste_Form_(nach_RWBA),_StVO_2017.svg
"Zeichen 434-52 - Tabellenwegweiser, aufgelöste Form (nur innerorts) mit Bundesstraßennummer; StVO 2013.png";Public domain;"https://commons.wikimedia.org/wiki/File:Zeichen_434-52_-_Tabellenwegweiser,_aufgel%C3%B6ste_Form_(nur_innerorts)_mit_Bundesstra%C3%9Fennummer;_StVO_2013.svg"
"Zeichen 434-52 - Tabellenwegweiser, aufgelöste Form (nur innerorts) mit Bundestraßennummer; StVO 2013.png";Public domain;"https://commons.wikimedia.org/wiki/File:Zeichen_434-52_-_Tabellenwegweiser,_aufgel%C3%B6ste_Form_(nur_innerorts)_mit_Bundesstra%C3%9Fennummer;_StVO_2013.svg"
"Zeichen 434-53 - Tabellenwegweiser, aufgelöste Form (nur innerorts) ohne Bundesstraßennummer; StVO 2013.png";Public domain;"https://commons.wikimedia.org/wiki/File:Zeichen_434-53_-_Tabellenwegweiser,_aufgel%C3%B6ste_Form_(nur_innerorts)_ohne_Bundesstra%C3%9Fennummer;_StVO_2013.svg"
"Zeichen 434-53 - Tabellenwegweiser, aufgelöste Form (nur innerorts) ohne Bundestraßennummer; StVO 2013.png";Public domain;"https://commons.wikimedia.org/wiki/File:Zeichen_434-53_-_Tabellenwegweiser,_aufgel%C3%B6ste_Form_(nur_innerorts)_ohne_Bundesstra%C3%9Fennummer;_StVO_2013.svg"
Zeichen 437 -Straßennamensschilder, StVO 1970.png;Public domain;https://commons.wikimedia.org/wiki/File:Zeichen_437_-Stra%C3%9Fennamensschilder,_StVO_1970.svg
Zeichen 438, StVO 1992.png;Public domain;"https://commons.wikimedia.org/wiki/File:Zeichen_438_-_Vorwegweiser;_StVO_1992.svg"
"Zeichen 438 - Vorwegweiser; StVO 1992.png";Public domain;"https://commons.wikimedia.org/wiki/File:Zeichen_438_-_Vorwegweiser;_StVO_1992.svg"
Zeichen 439 - Vorwegweiser, StVO 1992.png;Public domain;https://commons.wikimedia.org/wiki/File:Zeichen_439_-_Vorwegweiser,_StVO_1992.svg
"Zeichen 440 - Vorwegweiser zur Autobahn (3000x3250); StVO 1988.png";Public domain;"https://commons.wikimedia.org/wiki/File:Zeichen_440_-_Vorwegweiser_zur_Autobahn_(3000x3250);_StVO_1988.svg"
"Zeichen 441 - Gegliederter Vorwegweiser zur Autobahn (3000x2750) - nach RWB; StVO 2009.png";Public domain;"https://commons.wikimedia.org/wiki/File:Zeichen_441_-_Gegliederter_Vorwegweiser_zur_Autobahn_(3000x2750)_-_nach_RWB;_StVO_2009.svg"
Zeichen 442-10 - Vorwegweiser für bestimmte Verkehrsarten „KFZ mit einer zulässigen Gesamtmasse über 3,5 t“ - linksweise.png;Public domain;"https://commons.wikimedia.org/wiki/File:Zeichen_442-10_-_Vorwegweiser_f%C3%BCr_bestimmte_Verkehrsarten_%E2%80%9EKFZ_mit_einer_zul%C3%A4ssigen_Gesamtmasse_%C3%BCber_3,5_t%E2%80%9C_-_linksweisend;_StVO_2017.svg"
Zeichen 442-11 - Vorwegweiser für bestimmte Verkehrsarten „kennzeichnungspflichtige Fahrzeuge mit gefährlichen Gütern“ −.png;Public domain;https://commons.wikimedia.org/wiki/File:Zeichen_442-11_-_Vorwegweiser_f%C3%BCr_bestimmte_Verkehrsarten_%E2%80%9Ekennzeichnungspflichtige_Fahrzeuge_mit_gef%C3%A4hrlichen_G%C3%BCtern%E2%80%9C_%E2%88%92_linksweisend,_StVO_2013.svg
"Zeichen 442-12 - Wegweiser für bestimmte Verkehrsarten „Fahrzeuge mit wassergefährdender Ladung“ - linksweisend; StVO 20.png";Public domain;"https://commons.wikimedia.org/wiki/File:Zeichen_442-12_-_Wegweiser_f%C3%BCr_bestimmte_Verkehrsarten_%E2%80%9EFahrzeuge_mit_wassergef%C3%A4hrdender_Ladung%E2%80%9C_-_linksweisend;_StVO_2017.svg"
"Zeichen 442-13 - Wegweiser für bestimmte Verkehrsarten „Radverkehr“ - linksweisend; StVO 2017.png";Public domain;"https://commons.wikimedia.org/wiki/File:Zeichen_442-13_-_Wegweiser_f%C3%BCr_bestimmte_Verkehrsarten_%E2%80%9ERadverkehr%E2%80%9C_-_linksweisend;_StVO_2017.svg"
Zeichen 442-14 Vorwegweiser für bestimmte Verkehrsarten im Kreisverkehr.png;Public domain;https://commons.wikimedia.org/wiki/File:Zeichen_442-14_Vorwegweiser_f%C3%BCr_bestimmte_Verkehrsarten_im_Kreisverkehr.svg
Zeichen 442-15 Vorwegweiser für bestimmte Verkehrsarten im Kreisverkehr.png;Public domain;https://commons.wikimedia.org/wiki/File:Zeichen_442-15_Vorwegweiser_f%C3%BCr_bestimmte_Verkehrsarten_im_Kreisverkehr.svg
Zeichen 442-16 Vorwegweiser für bestimmte Verkehrsarten im Kreisverkehr.png;Public domain;https://commons.wikimedia.org/wiki/File:Zeichen_442-16_Vorwegweiser_f%C3%BCr_bestimmte_Verkehrsarten_im_Kreisverkehr.svg
Zeichen 442-17 Vorwegweiser für bestimmte Verkehrsarten im Kreisverkehr.png;Public domain;https://commons.wikimedia.org/wiki/File:Zeichen_442-17_Vorwegweiser_f%C3%BCr_bestimmte_Verkehrsarten_im_Kreisverkehr.svg
Zeichen 442-20 - Vorwegweiser für bestimmte Verkehrsarten „KFZ mit einer zulässigen Gesamtmasse über 3,5 t“ (rechtsauswe.png;Public domain;https://commons.wikimedia.org/wiki/File:Zeichen_442-20_-_Vorwegweiser_f%C3%BCr_bestimmte_Verkehrsarten_%E2%80%9EKFZ_mit_einer_zul%C3%A4ssigen_Gesamtmasse_%C3%BCber_3,5_t%E2%80%9C_(rechtsausweisend),_StVO_2017.svg
Zeichen 442-21 - Vorwegweiser für bestimmte Verkehrsarten „kennzeichnungspflichtige Fahrzeuge mit gefährlichen Gütern“ −.png;Public domain;https://commons.wikimedia.org/wiki/File:Zeichen_442-21_-_Vorwegweiser_f%C3%BCr_bestimmte_Verkehrsarten_%E2%80%9Ekennzeichnungspflichtige_Fahrzeuge_mit_gef%C3%A4hrlichen_G%C3%BCtern%E2%80%9C_%E2%88%92_rechtsweisend,_StVO_2013.svg
Zeichen 442-22 - Vorwegweiser für bestimmte Verkehrsarten „Fahrzeuge mit wassergefährdender Ladung“ (rechtsweisend), StV.png;Public domain;https://commons.wikimedia.org/wiki/File:Zeichen_442-22_-_Vorwegweiser_f%C3%BCr_bestimmte_Verkehrsarten_%E2%80%9EFahrzeuge_mit_wassergef%C3%A4hrdender_Ladung%E2%80%9C_(rechtsweisend),_StVO_2017.svg
Zeichen 442-23 - Vorwegweiser für bestimmte Verkehrsarten „Radverkehr“ (rechtsweisend), StVO 2017.png;Public domain;https://commons.wikimedia.org/wiki/File:Zeichen_442-23_-_Vorwegweiser_f%C3%BCr_bestimmte_Verkehrsarten_%E2%80%9ERadverkehr%E2%80%9C_(rechtsweisend),_StVO_2017.svg
Zeichen 442-24 Vorwegweiser für bestimmte Verkehrsarten im Kreisverkehr.png;Public domain;https://commons.wikimedia.org/wiki/File:Zeichen_442-24_Vorwegweiser_f%C3%BCr_bestimmte_Verkehrsarten_im_Kreisverkehr.svg
Zeichen 442-25 Vorwegweiser für bestimmte Verkehrsarten im Kreisverkehr.png;Public domain;https://commons.wikimedia.org/wiki/File:Zeichen_442-25_Vorwegweiser_f%C3%BCr_bestimmte_Verkehrsarten_im_Kreisverkehr.svg
Zeichen 442-26 Vorwegweiser für bestimmte Verkehrsarten im Kreisverkehr.png;Public domain;https://commons.wikimedia.org/wiki/File:Zeichen_442-26_Vorwegweiser_f%C3%BCr_bestimmte_Verkehrsarten_im_Kreisverkehr.svg
Zeichen 442-27 Vorwegweiser für bestimmte Verkehrsarten im Kreisverkehr.png;Public domain;https://commons.wikimedia.org/wiki/File:Zeichen_442-27_Vorwegweiser_f%C3%BCr_bestimmte_Verkehrsarten_im_Kreisverkehr.svg
Zeichen 442-30 Vorwegweiser für bestimmte Verkehrsarten im Kreisverkehr.png;Public domain;https://commons.wikimedia.org/wiki/File:Zeichen_442-30_Vorwegweiser_f%C3%BCr_bestimmte_Verkehrsarten_im_Kreisverkehr.svg
Zeichen 442-31 Vorwegweiser für bestimmte Verkehrsarten im Kreisverkehr.png;Public domain;https://commons.wikimedia.org/wiki/File:Zeichen_442-31_Vorwegweiser_f%C3%BCr_bestimmte_Verkehrsarten_im_Kreisverkehr.svg
Zeichen 442-32 Vorwegweiser für bestimmte Verkehrsarten im Kreisverkehr.png;Public domain;https://commons.wikimedia.org/wiki/File:Zeichen_442-32_Vorwegweiser_f%C3%BCr_bestimmte_Verkehrsarten_im_Kreisverkehr.svg
Zeichen 442-33 Vorwegweiser für bestimmte Verkehrsarten im Kreisverkehr.png;Public domain;https://commons.wikimedia.org/wiki/File:Zeichen_442-33_Vorwegweiser_f%C3%BCr_bestimmte_Verkehrsarten_im_Kreisverkehr.svg
Zeichen 442-50 - Wegweiser für bestimmte Verkehrsarten „KFZ mit einer zulässigen Gesamtmasse über 3,5 t“ - ohne Pfeilsym.png;Public domain;"https://commons.wikimedia.org/wiki/File:Zeichen_442-50_-_Wegweiser_f%C3%BCr_bestimmte_Verkehrsarten_%E2%80%9EKFZ_mit_einer_zul%C3%A4ssigen_Gesamtmasse_%C3%BCber_3,5_t%E2%80%9C_-_ohne_Pfeilsymbol;_StVO_2017.svg"
Zeichen 442-51 - Wegweiser für bestimmte Verkehrsarten „kennzeichnungspflichtige Fahrzeuge mit gefährlichen Gütern“ - oh.png;Public domain;"https://commons.wikimedia.org/wiki/File:Zeichen_442-51_-_Wegweiser_f%C3%BCr_bestimmte_Verkehrsarten_%E2%80%9Ekennzeichnungspflichtige_Fahrzeuge_mit_gef%C3%A4hrlichen_G%C3%BCtern%E2%80%9C_-_ohne_Pfeilsymbol;_StVO_2017.svg"
"Zeichen 442-52 - Vorwegweiser für bestimmte Verkehrsarten „Fahrzeuge mit wassergefährdender Ladung“ - ohne Pfeilsymbol; .png";Public domain;"https://commons.wikimedia.org/wiki/File:Zeichen_442-52_-_Vorwegweiser_f%C3%BCr_bestimmte_Verkehrsarten_%E2%80%9EFahrzeuge_mit_wassergef%C3%A4hrdender_Ladung%E2%80%9C_-_ohne_Pfeilsymbol;_StVO_2017.svg"
"Zeichen 442-53 - Wegweiser für bestimmte Verkehrsarten „Radverkehr“ - ohne Pfeilsymbol; StVO 2017.png";Public domain;"https://commons.wikimedia.org/wiki/File:Zeichen_442-53_-_Wegweiser_f%C3%BCr_bestimmte_Verkehrsarten_%E2%80%9ERadverkehr%E2%80%9C_-_ohne_Pfeilsymbol;_StVO_2017.svg"
Zeichen 448-50 - Ankündigungstafel auf anderen Straßen außerhalb von Autobahnen, StVO 2013.png;Public domain;https://commons.wikimedia.org/wiki/File:Zeichen_448-50_-_Ank%C3%BCndigungstafel_auf_anderen_Stra%C3%9Fen_au%C3%9Ferhalb_von_Autobahnen,_StVO_2013.svg
Zeichen 448.1 - Autohof, StVO 2000.png;Public domain;https://commons.wikimedia.org/wiki/File:Zeichen_448.1_-_Autohof,_StVO_2000.svg
Zeichen 448 - Ankündigungstafel auf Autobahnen, StVO 1992.png;Public domain;https://commons.wikimedia.org/wiki/File:Zeichen_448_-_Ank%C3%BCndigungstafel_auf_Autobahnen,_StVO_1992.svg
Zeichen 449-50 - Vorwegweiser auf anderen Straßen außerhalb von Autobahnen, StVO 2017.png;Public domain;https://commons.wikimedia.org/wiki/File:Zeichen_449-50_-_Vorwegweiser_auf_anderen_Stra%C3%9Fen_au%C3%9Ferhalb_von_Autobahnen,_StVO_2017.svg
Zeichen 449 - Vorwegweiser auf Autobahnen (nach RWBA), StVO 1992.png;Public domain;https://commons.wikimedia.org/wiki/File:Zeichen_449_-_Vorwegweiser_auf_Autobahnen_(nach_RWBA),_StVO_1992.svg
Zeichen 450-50 - Ankündigungsbake einstreifig (100 m), StVO 2013.png;Public domain;https://commons.wikimedia.org/wiki/File:Zeichen_450-50_-_Ank%C3%BCndigungsbake_einstreifig_(100_m),_StVO_2013.svg
Zeichen 450-51 - Ankündigungsbake zweistreifig (200 m), StVO 2013.png;Public domain;https://commons.wikimedia.org/wiki/File:Zeichen_450-51_-_Ank%C3%BCndigungsbake_zweistreifig_(200_m),_StVO_2013.svg
Zeichen 450-52 - Ankündigungsbake dreistreifig (300 m), StVO 2013.png;Public domain;https://commons.wikimedia.org/wiki/File:Zeichen_450-52_-_Ank%C3%BCndigungsbake_dreistreifig_(300_m),_StVO_2013.svg
Zeichen 450-53 - Ankündigungsbake einstreifig (100 m, gelb), StVO 2013.png;Public domain;https://commons.wikimedia.org/wiki/File:Zeichen_450-53_-_Ank%C3%BCndigungsbake_einstreifig_(100_m,_gelb),_StVO_2013.svg
Zeichen 450-54 - Ankündigungsbake zweistreifig (200 m, gelb), StVO 2013.png;Public domain;https://commons.wikimedia.org/wiki/File:Zeichen_450-54_-_Ank%C3%BCndigungsbake_zweistreifig_(200_m,_gelb),_StVO_2013.svg
Zeichen 450-55 - Ankündigungsbake dreistreifig (300 m, gelb) StVO 2013.png;Public domain;https://commons.wikimedia.org/wiki/File:Zeichen_450-55_-_Ank%C3%BCndigungsbake_dreistreifig_(300_m,_gelb)_StVO_2013.svg
Zeichen 453-50 - Entfernungstafel auf autobahnähnlich ausgebauten, zweibahnigen Straßen, StVO 2013.png;Public domain;https://commons.wikimedia.org/wiki/File:Zeichen_453-50_-_Entfernungstafel_auf_autobahn%C3%A4hnlich_ausgebauten,_zweibahnigen_Stra%C3%9Fen,_StVO_2013.svg
Zeichen 453 - Entfernungstafel auf Autobahnen, StVO 1992.png;Public domain;https://commons.wikimedia.org/wiki/File:Zeichen_453_-_Entfernungstafel_auf_Autobahnen,_StVO_1992.svg
Zeichen 454-10 - Umleitungswegweiser (linksweisend), StVO 1992.png;Public domain;https://commons.wikimedia.org/wiki/File:Zeichen_454-10_-_Umleitungswegweiser_(linksweisend),_StVO_1992.svg
Zeichen 454-20 – Umleitungswegweiser (rechtsweisend), StVO 1992.png;Public domain;https://commons.wikimedia.org/wiki/File:Zeichen_454-20_%E2%80%93_Umleitungswegweiser_(rechtsweisend),_StVO_1992.svg
Zeichen 455.1-10 - Ankündigung oder Fortsetzung der Umleitung - Vorankündigung links, StVO 2017.png;Public domain;https://commons.wikimedia.org/wiki/File:Zeichen_455.1-10_-_Ank%C3%BCndigung_oder_Fortsetzung_der_Umleitung_-_Vorank%C3%BCndigung_links,_StVO_2017.svg
Zeichen 455.1-11 - Ankündigung oder Fortsetzung der Umleitung, hier links, StVO 2013.png;Public domain;https://commons.wikimedia.org/wiki/File:Zeichen_455.1-11_-_Ank%C3%BCndigung_oder_Fortsetzung_der_Umleitung,_hier_links,_StVO_2013.svg
Zeichen 455.1-12 - Ankündigung oder Fortsetzung der Umleitung, links einordnen, StVO 2013.png;Public domain;https://commons.wikimedia.org/wiki/File:Zeichen_455.1-12_-_Ank%C3%BCndigung_oder_Fortsetzung_der_Umleitung,_links_einordnen,_StVO_2013.svg
Zeichen 455.1-13 - Ankündigung oder Fortsetzung der Umleitung, im Kreisverkehr links, StVO 2021.png;Public domain;https://commons.wikimedia.org/wiki/File:Zeichen_455.1-13_-_Ank%C3%BCndigung_oder_Fortsetzung_der_Umleitung,_im_Kreisverkehr_links,_StVO_2021.svg
Zeichen 455.1-20 - Ankündigung oder Fortsetzung der Umleitung, Vorankündigung rechts, StVO 2013.png;Public domain;https://commons.wikimedia.org/wiki/File:Zeichen_455.1-20_-_Ank%C3%BCndigung_oder_Fortsetzung_der_Umleitung,_Vorank%C3%BCndigung_rechts,_StVO_2013.svg
Zeichen 455.1-21 - Ankündigung oder Fortsetzung der Umleitung, hier rechts, StVO 2013.png;Public domain;https://commons.wikimedia.org/wiki/File:Zeichen_455.1-21_-_Ank%C3%BCndigung_oder_Fortsetzung_der_Umleitung,_hier_rechts,_StVO_2013.svg
Zeichen 455.1-22 - Ankündigung oder Fortsetzung der Umleitung, rechts einordnen, StVO 2013.png;Public domain;https://commons.wikimedia.org/wiki/File:Zeichen_455.1-22_-_Ank%C3%BCndigung_oder_Fortsetzung_der_Umleitung,_rechts_einordnen,_StVO_2013.svg
Zeichen 455.1-23 - Ankündigung oder Fortsetzung der Umleitung, im Kreisverkehr rechts, StVO 2021.png;Public domain;https://commons.wikimedia.org/wiki/File:Zeichen_455.1-23_-_Ank%C3%BCndigung_oder_Fortsetzung_der_Umleitung,_im_Kreisverkehr_rechts,_StVO_2021.svg
Zeichen 455.1-30 - Ankündigung oder Fortsetzung der Umleitung, Vorankündigung geradeaus, StVO 2013.png;Public domain;https://commons.wikimedia.org/wiki/File:Zeichen_455.1-30_-_Ank%C3%BCndigung_oder_Fortsetzung_der_Umleitung,_Vorank%C3%BCndigung_geradeaus,_StVO_2013.svg
Zeichen 455.1-31 - Ankündigung oder Fortsetzung der Umleitung, im Kreisverkehr geradeaus, StVO 2021.png;Public domain;https://commons.wikimedia.org/wiki/File:Zeichen_455.1-31_-_Ank%C3%BCndigung_oder_Fortsetzung_der_Umleitung,_im_Kreisverkehr_geradeaus,_StVO_2021.svg
Zeichen 455.1-50 - Ankündigung oder Fortsetzung der Umleitung - ohne Pfeilsymbol, StVO 2017.png;Public domain;https://commons.wikimedia.org/wiki/File:Zeichen_455.1-50_-_Ank%C3%BCndigung_oder_Fortsetzung_der_Umleitung_-_ohne_Pfeilsymbol,_StVO_2017.svg
Zeichen 457.1 - Umleitungsankündigung, StVO 2013.png;Public domain;https://commons.wikimedia.org/wiki/File:Zeichen_457.1_-_Umleitungsank%C3%BCndigung,_StVO_2013.svg
Zeichen 457.2 - Ende der Umleitung, StVO 2013.png;Public domain;https://commons.wikimedia.org/wiki/File:Zeichen_457.2_-_Ende_der_Umleitung,_StVO_2013.svg
Zeichen 458 - Planskizze, StVO 2013.png;Public domain;https://commons.wikimedia.org/wiki/File:Zeichen_458_-_Planskizze,_StVO_2013.svg
Zeichen 460-10 - Bedarfsumleitung, linksweisend (900x600), StVO 1992.png;Public domain;https://commons.wikimedia.org/wiki/File:Zeichen_460-10_-_Bedarfsumleitung,_linksweisend_(900x600),_StVO_1992.svg
Zeichen 460-11 - Bedarfsumleitung, rechts vorbei (900x600), StVO 1992.png;Public domain;https://commons.wikimedia.org/wiki/File:Zeichen_460-11_-_Bedarfsumleitung,_rechts_vorbei_(900x600),_StVO_1992.svg
Zeichen 460-12 - Bedarfsumleitung, hier links (900x600), StVO 1992.png;Public domain;https://commons.wikimedia.org/wiki/File:Zeichen_460-12_-_Bedarfsumleitung,_hier_links_(900x600),_StVO_1992.svg
Zeichen 460-13 - Bedarfsumleitung im Kreisverkehr links, StVO 2021.png;Public domain;https://commons.wikimedia.org/wiki/File:Zeichen_460-13_-_Bedarfsumleitung_im_Kreisverkehr_links,_StVO_2021.svg
Zeichen 460-20 - Bedarfsumleitung, rechtsweisend (900x600), StVO 1992.png;Public domain;https://commons.wikimedia.org/wiki/File:Zeichen_460-20_-_Bedarfsumleitung,_rechtsweisend_(900x600),_StVO_1992.svg
Zeichen 460-21 - Bedarfsumleitung, links vorbei (900x600), StVO 1992.png;Public domain;https://commons.wikimedia.org/wiki/File:Zeichen_460-21_-_Bedarfsumleitung,_links_vorbei_(900x600),_StVO_1992.svg
Zeichen 460-22 - Bedarfsumleitung, hier rechts (900x600), StVO 1992.png;Public domain;https://commons.wikimedia.org/wiki/File:Zeichen_460-22_-_Bedarfsumleitung,_hier_rechts_(900x600),_StVO_1992.svg
Zeichen 460-23 - Bedarfsumleitung - im Kreisverkehr rechts, StVO 2021.png;Public domain;https://commons.wikimedia.org/wiki/File:Zeichen_460-23_-_Bedarfsumleitung_-_im_Kreisverkehr_rechts,_StVO_2021.svg
Zeichen 460-30 - Bedarfsumleitung geradeaus, StVO 1992.png;Public domain;https://commons.wikimedia.org/wiki/File:Zeichen_460-30_-_Bedarfsumleitung_geradeaus,_StVO_1992.svg
Zeichen 460-31 - Bedarfsumleitung im Kreisverkehr geradeaus, StVO 2021.png;Public domain;https://commons.wikimedia.org/wiki/File:Zeichen_460-31_-_Bedarfsumleitung_im_Kreisverkehr_geradeaus,_StVO_2021.svg
Zeichen 460-50 - Bedarfsumleitung, ohne Pfeilsysmbol (900x600), StVO 2017.png;Public domain;https://commons.wikimedia.org/wiki/File:Zeichen_460-50_-_Bedarfsumleitung,_ohne_Pfeilsysmbol_(900x600),_StVO_2017.svg
Zeichen 466 - Bedarfsumleitungstafel, StVO 1970.png;Public domain;https://commons.wikimedia.org/wiki/File:Zeichen_466_-_Bedarfsumleitungstafel,_StVO_1970.svg
Zeichen 467.1-10 - Umlenkungspfeil (Streckenempfehlung) linksweisend, StVO 2013.png;Public domain;https://commons.wikimedia.org/wiki/File:Zeichen_467.1-10_-_Umlenkungspfeil_(Streckenempfehlung)_linksweisend,_StVO_2013.svg
Zeichen 467.1-20 - Umlenkungspfeil (Streckenempfehlung) rechtsweisend, StVO 2013.png;Public domain;https://commons.wikimedia.org/wiki/File:Zeichen_467.1-20_-_Umlenkungspfeil_(Streckenempfehlung)_rechtsweisend,_StVO_2013.svg
Zeichen 467.1-30 - Umlenkungspfeil (Streckenempfehlung) geradeaus, StVO 2013.png;Public domain;https://commons.wikimedia.org/wiki/File:Zeichen_467.1-30_-_Umlenkungspfeil_(Streckenempfehlung)_geradeaus,_StVO_2013.svg
Zeichen 467.2 - Umlenkungspfeil Ende (Ende einer Streckenempfehlung), StVO 2013.png;Public domain;https://commons.wikimedia.org/wiki/File:Zeichen_467.2_-_Umlenkungspfeil_Ende_(Ende_einer_Streckenempfehlung),_StVO_2013.svg
Zeichen 501-10 - Überleitungstafel, Darstellung ohne Gegenverkehr, StVO 1992.png;Public domain;https://commons.wikimedia.org/wiki/File:Zeichen_501-10_-_%C3%9Cberleitungstafel,_Darstellung_ohne_Gegenverkehr,_StVO_1992.svg
Zeichen 501-11 - Überleitungstafel, Darstellung ohne Gegenverkehr, StVO 1992.png;Public domain;https://commons.wikimedia.org/wiki/File:Zeichen_501-11_-_%C3%9Cberleitungstafel,_Darstellung_ohne_Gegenverkehr,_StVO_1992.svg
"Zeichen 501-12 - Überleitungstafel; Darstellung ohne Gegenverkehr - dreistreifig nach links (1600x1250); StVO 1992.png";Public domain;"https://commons.wikimedia.org/wiki/File:Zeichen_501-12_-_%C3%9Cberleitungstafel;_Darstellung_ohne_Gegenverkehr_-_dreistreifig_nach_links_(1600x1250);_StVO_1992.svg"
Zeichen 501-13 - Überleitungstafel - ohne Gegenverkehr - zweistreifig nach links, ein Fahrstreifen übergeleitet (1600x12.png;Public domain;"https://commons.wikimedia.org/wiki/File:Zeichen_501-13_-_%C3%9Cberleitungstafel_-_ohne_Gegenverkehr_-_zweistreifig_nach_links,_ein_Fahrstreifen_%C3%BCbergeleitet_(1600x1250);_StVO_2013.svg"
Zeichen 501-14 - Überleitungstafel - ohne Gegenverkehr - dreistreifig nach links, ein Fahrstreifen übergeleitet (1600x12.png;Public domain;"https://commons.wikimedia.org/wiki/File:Zeichen_501-14_-_%C3%9Cberleitungstafel_-_ohne_Gegenverkehr_-_dreistreifig_nach_links,_ein_Fahrstreifen_%C3%BCbergeleitet_(1600x1250);_StVO_2013.svg"
Zeichen 501-15 - Überleitungstafel - ohne Gegenverkehr - dreistreifig nach links, davon zwei Fahrstreifen übergeleitet (.png;Public domain;"https://commons.wikimedia.org/wiki/File:Zeichen_501-15_-_%C3%9Cberleitungstafel_-_ohne_Gegenverkehr_-_dreistreifig_nach_links,_davon_zwei_Fahrstreifen_%C3%BCbergeleitet_(1600x1250);_StVO_2017.svg"
"Zeichen 501-16 - Überleitungstafel - ohne Gegenverkehr - einstreifig nach links und einstreifig geradeaus (1600x1250); S.png";Public domain;"https://commons.wikimedia.org/wiki/File:Zeichen_501-16_-_%C3%9Cberleitungstafel_-_ohne_Gegenverkehr_-_einstreifig_nach_links_und_einstreifig_geradeaus_(1600x1250);_StVO_2017.svg"
"Zeichen 501-17 - Überleitungstafel - ohne Gegenverkehr - einstreifig nach links und zweistreifig geradeaus (1600x1250); .png";Public domain;"https://commons.wikimedia.org/wiki/File:Zeichen_501-17_-_%C3%9Cberleitungstafel_-_ohne_Gegenverkehr_-_einstreifig_nach_links_und_zweistreifig_geradeaus_(1600x1250);_StVO_2017.svg"
"Zeichen 501-18 - Überleitungstafel - ohne Gegenverkehr - zweistreifig nach links und einstreifig geradeaus (1600x1250); .png";Public domain;"https://commons.wikimedia.org/wiki/File:Zeichen_501-18_-_%C3%9Cberleitungstafel_-_ohne_Gegenverkehr_-_zweistreifig_nach_links_und_einstreifig_geradeaus_(1600x1250);_StVO_2017.svg"
Zeichen 501-19 Überleitungstafel - ohne Gegenverkehr.png;Public domain;https://commons.wikimedia.org/wiki/File:Zeichen_501-19_%C3%9Cberleitungstafel_-_ohne_Gegenverkehr.svg
Zeichen 501-20 - Überleitungstafel - Darstellung ohne Gegenverkehr - einstreifig nach rechts (1600x1250), StVO 1992.png;Public domain;https://commons.wikimedia.org/wiki/File:Zeichen_501-20_-_%C3%9Cberleitungstafel_-_Darstellung_ohne_Gegenverkehr_-_einstreifig_nach_rechts_(1600x1250),_StVO_1992.svg
"Zeichen 501-21 - Überleitungstafel; Darstellung ohne Gegenverkehr - zweistreifig nach rechts (1600x1250); StVO 1992.png";Public domain;"https://commons.wikimedia.org/wiki/File:Zeichen_501-21_-_%C3%9Cberleitungstafel;_Darstellung_ohne_Gegenverkehr_-_zweistreifig_nach_rechts_(1600x1250);_StVO_1992.svg"
"Zeichen 501-22 - Überleitungstafel; Darstellung ohne Gegenverkehr - dreistreifig nach rechts (1600x1250); StVO 1992.png";Public domain;"https://commons.wikimedia.org/wiki/File:Zeichen_501-22_-_%C3%9Cberleitungstafel;_Darstellung_ohne_Gegenverkehr_-_dreistreifig_nach_rechts_(1600x1250);_StVO_1992.svg"
Zeichen 501-23 - Überleitungstafel - ohne Gegenverkehr - zweistreifig nach rechts, ein Fahrstreifen übergeleitet (1600x1.png;Public domain;"https://commons.wikimedia.org/wiki/File:Zeichen_501-23_-_%C3%9Cberleitungstafel_-_ohne_Gegenverkehr_-_zweistreifig_nach_rechts,_ein_Fahrstreifen_%C3%BCbergeleitet_(1600x1250);_StVO_2013.svg"
Zeichen 501-24 - Überleitungstafel - ohne Gegenverkehr - dreistreifig nach rechts, ein Fahrstreifen übergeleitet (1600x1.png;Public domain;"https://commons.wikimedia.org/wiki/File:Zeichen_501-24_-_%C3%9Cberleitungstafel_-_ohne_Gegenverkehr_-_dreistreifig_nach_rechts,_ein_Fahrstreifen_%C3%BCbergeleitet_(1600x1250);_StVO_2013.svg"
Zeichen 501-25 - Überleitungstafel - ohne Gegenverkehr - dreistreifig nach rechts, davon zwei Fahrstreifen übergeleitet .png;Public domain;"https://commons.wikimedia.org/wiki/File:Zeichen_501-25_-_%C3%9Cberleitungstafel_-_ohne_Gegenverkehr_-_dreistreifig_nach_rechts,_davon_zwei_Fahrstreifen_%C3%BCbergeleitet_(1600x1250);_StVO_2017.svg"
"Zeichen 501-26 - Überleitungstafel - ohne Gegenverkehr - einstreifig nach rechts und einstreifig geradeaus (1600x1250); .png";Public domain;"https://commons.wikimedia.org/wiki/File:Zeichen_501-26_-_%C3%9Cberleitungstafel_-_ohne_Gegenverkehr_-_einstreifig_nach_rechts_und_einstreifig_geradeaus_(1600x1250);_StVO_2017.svg"
"Zeichen 501-27 - Überleitungstafel - ohne Gegenverkehr - einstreifig nach rechts und zweistreifig geradeaus (1600x1250);.png";Public domain;"https://commons.wikimedia.org/wiki/File:Zeichen_501-27_-_%C3%9Cberleitungstafel_-_ohne_Gegenverkehr_-_einstreifig_nach_rechts_und_zweistreifig_geradeaus_(1600x1250);_StVO_2017.svg"
"Zeichen 501-28 - Überleitungstafel - ohne Gegenverkehr - zweistreifig nach rechts und einstreifig geradeaus (1600x1250);.png";Public domain;"https://commons.wikimedia.org/wiki/File:Zeichen_501-28_-_%C3%9Cberleitungstafel_-_ohne_Gegenverkehr_-_zweistreifig_nach_rechts_und_einstreifig_geradeaus_(1600x1250);_StVO_2017.svg"
Zeichen 501-29 Überleitungstafel - ohne Gegenverkehr.png;Public domain;https://commons.wikimedia.org/wiki/File:Zeichen_501-29_%C3%9Cberleitungstafel_-_ohne_Gegenverkehr.svg
Zeichen 501-50 Überleitungstafel - ohne Gegenverkehr.png;Public domain;https://commons.wikimedia.org/wiki/File:Zeichen_501-50_%C3%9Cberleitungstafel_-_ohne_Gegenverkehr.svg
Zeichen 501-51 Überleitungstafel - ohne Gegenverkehr.png;Public domain;https://commons.wikimedia.org/wiki/File:Zeichen_501-51_%C3%9Cberleitungstafel_-_ohne_Gegenverkehr.svg
Zeichen 501-52 Überleitungstafel - ohne Gegenverkehr.png;Public domain;https://commons.wikimedia.org/wiki/File:Zeichen_501-52_%C3%9Cberleitungstafel_-_ohne_Gegenverkehr.svg
Zeichen 501-53 Überleitungstafel - ohne Gegenverkehr.png;Public domain;https://commons.wikimedia.org/wiki/File:Zeichen_501-53_%C3%9Cberleitungstafel_-_ohne_Gegenverkehr.svg
Zeichen 501-54 Überleitungstafel - ohne Gegenverkehr.png;Public domain;https://commons.wikimedia.org/wiki/File:Zeichen_501-54_%C3%9Cberleitungstafel_-_ohne_Gegenverkehr.svg
Zeichen 501-60 Überleitungstafel - ohne Gegenverkehr.png;Public domain;https://commons.wikimedia.org/wiki/File:Zeichen_501-60_%C3%9Cberleitungstafel_-_ohne_Gegenverkehr.svg
Zeichen 501-61 Überleitungstafel - ohne Gegenverkehr.png;Public domain;https://commons.wikimedia.org/wiki/File:Zeichen_501-61_%C3%9Cberleitungstafel_-_ohne_Gegenverkehr.svg
Zeichen 501-62 Überleitungstafel - ohne Gegenverkehr.png;Public domain;https://commons.wikimedia.org/wiki/File:Zeichen_501-62_%C3%9Cberleitungstafel_-_ohne_Gegenverkehr.svg
Zeichen 501-63 Überleitungstafel - ohne Gegenverkehr.png;Public domain;https://commons.wikimedia.org/wiki/File:Zeichen_501-63_%C3%9Cberleitungstafel_-_ohne_Gegenverkehr.svg
Zeichen 501-64 Überleitungstafel - ohne Gegenverkehr.png;Public domain;https://commons.wikimedia.org/wiki/File:Zeichen_501-64_%C3%9Cberleitungstafel_-_ohne_Gegenverkehr.svg
Zeichen 501-70 Überleitungstafel - ohne Gegenverkehr.png;Public domain;https://commons.wikimedia.org/wiki/File:Zeichen_501-70_%C3%9Cberleitungstafel_-_ohne_Gegenverkehr.svg
Zeichen 501-71 Überleitungstafel - ohne Gegenverkehr.png;Public domain;https://commons.wikimedia.org/wiki/File:Zeichen_501-71_%C3%9Cberleitungstafel_-_ohne_Gegenverkehr.svg
Zeichen 501-72 Überleitungstafel - ohne Gegenverkehr.png;Public domain;https://commons.wikimedia.org/wiki/File:Zeichen_501-72_%C3%9Cberleitungstafel_-_ohne_Gegenverkehr.svg
Zeichen 501-73 Überleitungstafel - ohne Gegenverkehr.png;Public domain;https://commons.wikimedia.org/wiki/File:Zeichen_501-73_%C3%9Cberleitungstafel_-_ohne_Gegenverkehr.svg
Zeichen 501-74 Überleitungstafel - ohne Gegenverkehr.png;Public domain;https://commons.wikimedia.org/wiki/File:Zeichen_501-74_%C3%9Cberleitungstafel_-_ohne_Gegenverkehr.svg
Zeichen 501-75 Überleitungstafel - ohne Gegenverkehr.png;Public domain;https://commons.wikimedia.org/wiki/File:Zeichen_501-75_%C3%9Cberleitungstafel_-_ohne_Gegenverkehr.svg
Zeichen 501-80 Überleitungstafel - ohne Gegenverkehr.png;Public domain;https://commons.wikimedia.org/wiki/File:Zeichen_501-80_%C3%9Cberleitungstafel_-_ohne_Gegenverkehr.svg
Zeichen 501-81 Überleitungstafel - ohne Gegenverkehr.png;Public domain;https://commons.wikimedia.org/wiki/File:Zeichen_501-81_%C3%9Cberleitungstafel_-_ohne_Gegenverkehr.svg
Zeichen 501-82 Überleitungstafel - ohne Gegenverkehr.png;Public domain;https://commons.wikimedia.org/wiki/File:Zeichen_501-82_%C3%9Cberleitungstafel_-_ohne_Gegenverkehr.svg
Zeichen 501-83 Überleitungstafel - ohne Gegenverkehr.png;Public domain;https://commons.wikimedia.org/wiki/File:Zeichen_501-83_%C3%9Cberleitungstafel_-_ohne_Gegenverkehr.svg
Zeichen 501-84 Überleitungstafel - ohne Gegenverkehr.png;Public domain;https://commons.wikimedia.org/wiki/File:Zeichen_501-84_%C3%9Cberleitungstafel_-_ohne_Gegenverkehr.svg
Zeichen 501-85 Überleitungstafel - ohne Gegenverkehr.png;Public domain;https://commons.wikimedia.org/wiki/File:Zeichen_501-85_%C3%9Cberleitungstafel_-_ohne_Gegenverkehr.svg
Zeichen 505-11 - Überleitungstafel - ohne Gegenverkehr und mit integriertem Zeichen 264 StVO - zweistreifig nach links (.png;Public domain;"https://commons.wikimedia.org/wiki/File:Zeichen_505-11_-_%C3%9Cberleitungstafel_-_ohne_Gegenverkehr_und_mit_integriertem_Zeichen_264_StVO_-_zweistreifig_nach_links_(1600x1250);_StVO_2017.svg"
Zeichen 505-12 - Überleitungstafel - ohne Gegenverkehr mit integriertem Zeichen 264 StVO - dreistreifig nach links (1600.png;Public domain;"https://commons.wikimedia.org/wiki/File:Zeichen_505-12_-_%C3%9Cberleitungstafel_-_ohne_Gegenverkehr_mit_integriertem_Zeichen_264_StVO_-_dreistreifig_nach_links_(1600x1250);_StVO_2017.svg"
Zeichen 505-21 - Überleitungstafel - ohne Gegenverkehr und mit integriertem Zeichen 264 StVO - zweistreifig nach rechts .png;Public domain;"https://commons.wikimedia.org/wiki/File:Zeichen_505-21_-_%C3%9Cberleitungstafel_-_ohne_Gegenverkehr_und_mit_integriertem_Zeichen_264_StVO_-_zweistreifig_nach_rechts_(1600x1250);_StVO_2017.svg"
Zeichen 505-22 - Überleitungstafel - ohne Gegenverkehr mit integriertem Zeichen 264 StVO - dreistreifig nach rechts (160.png;Public domain;"https://commons.wikimedia.org/wiki/File:Zeichen_505-22_-_%C3%9Cberleitungstafel_-_ohne_Gegenverkehr_mit_integriertem_Zeichen_264_StVO_-_dreistreifig_nach_rechts_(1600x1250);_StVO_2017.svg"
"Zeichen 511-10 - Verschwenkungstafel; Darstellung ohne Gegenverkehr - einstreifig nach links (1600x1250), StVO 1992.png";Public domain;"https://commons.wikimedia.org/wiki/File:Zeichen_511-10_-_Verschwenkungstafel;_Darstellung_ohne_Gegenverkehr_-_einstreifig_nach_links_(1600x1250),_StVO_1992.svg"
"Zeichen 511-11 - Verschwenkungstafel; Darstellung ohne Gegenverkehr - zweistreifig nach links (1600x1250); StVO 1992.png";Public domain;"https://commons.wikimedia.org/wiki/File:Zeichen_511-11_-_Verschwenkungstafel;_Darstellung_ohne_Gegenverkehr_-_zweistreifig_nach_links_(1600x1250);_StVO_1992.svg"
"Zeichen 511-12 - Verschwenkungstafel; Darstellung ohne Gegenverkehr - dreistreifig nach links (1600x1250); StVO 1992.png";Public domain;"https://commons.wikimedia.org/wiki/File:Zeichen_511-12_-_Verschwenkungstafel;_Darstellung_ohne_Gegenverkehr_-_dreistreifig_nach_links_(1600x1250);_StVO_1992.svg"
Zeichen 511-13 Verschwenkungstafel - ohne Gegenverkehr.png;Public domain;https://commons.wikimedia.org/wiki/File:Zeichen_511-13_Verschwenkungstafel_-_ohne_Gegenverkehr.svg
"Zeichen 511-20 - Verschwenkungstafel; Darstellung ohne Gegenverkehr - einstreifig nach rechts (1600x1250); StVO 1992.png";Public domain;"https://commons.wikimedia.org/wiki/File:Zeichen_511-20_-_Verschwenkungstafel;_Darstellung_ohne_Gegenverkehr_-_einstreifig_nach_rechts_(1600x1250);_StVO_1992.svg"
"Zeichen 511-21 - Verschwenkungstafel; Darstellung ohne Gegenverkehr - zweistreifig nach rechts (1600x1250); StVO 1992.png";Public domain;"https://commons.wikimedia.org/wiki/File:Zeichen_511-21_-_Verschwenkungstafel;_Darstellung_ohne_Gegenverkehr_-_zweistreifig_nach_rechts_(1600x1250);_StVO_1992.svg"
"Zeichen 511-22 - Verschwenkungstafel; Darstellung ohne Gegenverkehr - dreistreifig nach rechts (1600x1250); StVO 1992.png";Public domain;"https://commons.wikimedia.org/wiki/File:Zeichen_511-22_-_Verschwenkungstafel;_Darstellung_ohne_Gegenverkehr_-_dreistreifig_nach_rechts_(1600x1250);_StVO_1992.svg"
Zeichen 511-23 Verschwenkungstafel - ohne Gegenverkehr.png;Public domain;https://commons.wikimedia.org/wiki/File:Zeichen_511-23_Verschwenkungstafel_-_ohne_Gegenverkehr.svg
Zeichen 511-25 - Verschwenkungstafel − ohne Gegenverkehr − einstreifige Verschwenkung auf den Seitenstreifen (1600x1250).png;Public domain;"https://commons.wikimedia.org/wiki/File:Zeichen_511-25_-_Verschwenkungstafel_%E2%88%92_ohne_Gegenverkehr_%E2%88%92_einstreifige_Verschwenkung_auf_den_Seitenstreifen_(1600x1250);_StVO_2017.svg"
Zeichen 511-26 - Verschwenkungstafel − ohne Gegenverkehr − zweistreifige Verschwenkung, einstreifig auf den Seitenstreif.png;Public domain;"https://commons.wikimedia.org/wiki/File:Zeichen_511-26_-_Verschwenkungstafel_%E2%88%92_ohne_Gegenverkehr_%E2%88%92_zweistreifige_Verschwenkung,_einstreifig_auf_den_Seitenstreifen_(1600x1250);_StVO_2017.svg"
Zeichen 511-27 Verschwenkungstafel - ohne Gegenverkehr.png;Public domain;https://commons.wikimedia.org/wiki/File:Zeichen_511-27_Verschwenkungstafel_-_ohne_Gegenverkehr.svg
Zeichen 511-28 Verschwenkungstafel - ohne Gegenverkehr.png;Public domain;https://commons.wikimedia.org/wiki/File:Zeichen_511-28_Verschwenkungstafel_-_ohne_Gegenverkehr.svg
Zeichen 512-10 Verschwenkungstafel - mit Gegenverkehr.png;Public domain;https://commons.wikimedia.org/wiki/File:Zeichen_512-10_Verschwenkungstafel_-_mit_Gegenverkehr.svg
Zeichen 512-11 Verschwenkungstafel - mit Gegenverkehr.png;Public domain;https://commons.wikimedia.org/wiki/File:Zeichen_512-11_Verschwenkungstafel_-_mit_Gegenverkehr.svg
Zeichen 512-12 Verschwenkungstafel - mit Gegenverkehr.png;Public domain;https://commons.wikimedia.org/wiki/File:Zeichen_512-12_Verschwenkungstafel_-_mit_Gegenverkehr.svg
Zeichen 512-20 Verschwenkungstafel - mit Gegenverkehr.png;Public domain;https://commons.wikimedia.org/wiki/File:Zeichen_512-20_Verschwenkungstafel_-_mit_Gegenverkehr.svg
Zeichen 512-21 Verschwenkungstafel - mit Gegenverkehr.png;Public domain;https://commons.wikimedia.org/wiki/File:Zeichen_512-21_Verschwenkungstafel_-_mit_Gegenverkehr.svg
Zeichen 512-22 Verschwenkungstafel - mit Gegenverkehr.png;Public domain;https://commons.wikimedia.org/wiki/File:Zeichen_512-22_Verschwenkungstafel_-_mit_Gegenverkehr.svg
Zeichen 513-10.png;Public domain;https://commons.wikimedia.org/wiki/File:Zeichen_513-10.svg
Zeichen 513-11.png;Public domain;https://commons.wikimedia.org/wiki/File:Zeichen_513-11.svg
Zeichen 513-12 Verschwenkungstafel, kurze Verschwenkung - ohne Gegenverkehr.png;Public domain;https://commons.wikimedia.org/wiki/File:Zeichen_513-12_Verschwenkungstafel,_kurze_Verschwenkung_-_ohne_Gegenverkehr.svg
Zeichen 513-13 Verschwenkungstafel, kurze Verschwenkung - ohne Gegenverkehr.png;Public domain;https://commons.wikimedia.org/wiki/File:Zeichen_513-13_Verschwenkungstafel,_kurze_Verschwenkung_-_ohne_Gegenverkehr.svg
Zeichen 513-14 Verschwenkungstafel, kurze Verschwenkung - ohne Gegenverkehr.png;Public domain;https://commons.wikimedia.org/wiki/File:Zeichen_513-14_Verschwenkungstafel,_kurze_Verschwenkung_-_ohne_Gegenverkehr.svg
"Zeichen 513-20 - Verschwenkungstafel; kurze Verschwenkung − ohne Gegenverkehr − einstreifig nach rechts (1600x1250); StV.png";Public domain;"https://commons.wikimedia.org/wiki/File:Zeichen_513-20_-_Verschwenkungstafel;_kurze_Verschwenkung_%E2%88%92_ohne_Gegenverkehr_%E2%88%92_einstreifig_nach_rechts_(1600x1250);_StVO_2013.svg"
Zeichen 513-21.png;Public domain;https://commons.wikimedia.org/wiki/File:Zeichen_513-21.svg
Zeichen 513-22 Verschwenkungstafel, kurze Verschwenkung - ohne Gegenverkehr.png;Public domain;https://commons.wikimedia.org/wiki/File:Zeichen_513-22_Verschwenkungstafel,_kurze_Verschwenkung_-_ohne_Gegenverkehr.svg
Zeichen 513-23 Verschwenkungstafel, kurze Verschwenkung - ohne Gegenverkehr.png;Public domain;https://commons.wikimedia.org/wiki/File:Zeichen_513-23_Verschwenkungstafel,_kurze_Verschwenkung_-_ohne_Gegenverkehr.svg
Zeichen 513-24 Verschwenkungstafel, kurze Verschwenkung - ohne Gegenverkehr.png;Public domain;https://commons.wikimedia.org/wiki/File:Zeichen_513-24_Verschwenkungstafel,_kurze_Verschwenkung_-_ohne_Gegenverkehr.svg
Zeichen 514-10.png;Public domain;https://commons.wikimedia.org/wiki/File:Zeichen_514-10.svg
Zeichen 514-11 Verschwenkungstafel, kurze Verschwenkung - mit Gegenverkehr.png;Public domain;https://commons.wikimedia.org/wiki/File:Zeichen_514-11_Verschwenkungstafel,_kurze_Verschwenkung_-_mit_Gegenverkehr.svg
Zeichen 514-12 Verschwenkungstafel, kurze Verschwenkung - mit Gegenverkehr.png;Public domain;https://commons.wikimedia.org/wiki/File:Zeichen_514-12_Verschwenkungstafel,_kurze_Verschwenkung_-_mit_Gegenverkehr.svg
Zeichen 514-13 Verschwenkungstafel, kurze Verschwenkung - mit Gegenverkehr.png;Public domain;https://commons.wikimedia.org/wiki/File:Zeichen_514-13_Verschwenkungstafel,_kurze_Verschwenkung_-_mit_Gegenverkehr.svg
Zeichen 514-14 Verschwenkungstafel, kurze Verschwenkung - mit Gegenverkehr.png;Public domain;https://commons.wikimedia.org/wiki/File:Zeichen_514-14_Verschwenkungstafel,_kurze_Verschwenkung_-_mit_Gegenverkehr.svg
Zeichen 514-15 Verschwenkungstafel, kurze Verschwenkung - mit Gegenverkehr.png;Public domain;https://commons.wikimedia.org/wiki/File:Zeichen_514-15_Verschwenkungstafel,_kurze_Verschwenkung_-_mit_Gegenverkehr.svg
Zeichen 514-16 Verschwenkungstafel, kurze Verschwenkung - mit Gegenverkehr.png;Public domain;https://commons.wikimedia.org/wiki/File:Zeichen_514-16_Verschwenkungstafel,_kurze_Verschwenkung_-_mit_Gegenverkehr.svg
Zeichen 514-17 Verschwenkungstafel, kurze Verschwenkung - mit Gegenverkehr.png;Public domain;https://commons.wikimedia.org/wiki/File:Zeichen_514-17_Verschwenkungstafel,_kurze_Verschwenkung_-_mit_Gegenverkehr.svg
Zeichen 514-18 Verschwenkungstafel, kurze Verschwenkung - mit Gegenverkehr.png;Public domain;https://commons.wikimedia.org/wiki/File:Zeichen_514-18_Verschwenkungstafel,_kurze_Verschwenkung_-_mit_Gegenverkehr.svg
Zeichen 514-20.png;Public domain;https://commons.wikimedia.org/wiki/File:Zeichen_514-20.svg
Zeichen 514-21 Verschwenkungstafel, kurze Verschwenkung - mit Gegenverkehr.png;Public domain;https://commons.wikimedia.org/wiki/File:Zeichen_514-21_Verschwenkungstafel,_kurze_Verschwenkung_-_mit_Gegenverkehr.svg
Zeichen 514-22 Verschwenkungstafel, kurze Verschwenkung - mit Gegenverkehr.png;Public domain;https://commons.wikimedia.org/wiki/File:Zeichen_514-22_Verschwenkungstafel,_kurze_Verschwenkung_-_mit_Gegenverkehr.svg
Zeichen 514-23 Verschwenkungstafel, kurze Verschwenkung - mit Gegenverkehr.png;Public domain;https://commons.wikimedia.org/wiki/File:Zeichen_514-23_Verschwenkungstafel,_kurze_Verschwenkung_-_mit_Gegenverkehr.svg
Zeichen 514-24 Verschwenkungstafel, kurze Verschwenkung - mit Gegenverkehr.png;Public domain;https://commons.wikimedia.org/wiki/File:Zeichen_514-24_Verschwenkungstafel,_kurze_Verschwenkung_-_mit_Gegenverkehr.svg
Zeichen 514-25 Verschwenkungstafel, kurze Verschwenkung - mit Gegenverkehr.png;Public domain;https://commons.wikimedia.org/wiki/File:Zeichen_514-25_Verschwenkungstafel,_kurze_Verschwenkung_-_mit_Gegenverkehr.svg
Zeichen 514-26 Verschwenkungstafel, kurze Verschwenkung - mit Gegenverkehr.png;Public domain;https://commons.wikimedia.org/wiki/File:Zeichen_514-26_Verschwenkungstafel,_kurze_Verschwenkung_-_mit_Gegenverkehr.svg
Zeichen 514-27 Verschwenkungstafel, kurze Verschwenkung - mit Gegenverkehr.png;Public domain;https://commons.wikimedia.org/wiki/File:Zeichen_514-27_Verschwenkungstafel,_kurze_Verschwenkung_-_mit_Gegenverkehr.svg
Zeichen 514-28 Verschwenkungstafel, kurze Verschwenkung - mit Gegenverkehr.png;Public domain;https://commons.wikimedia.org/wiki/File:Zeichen_514-28_Verschwenkungstafel,_kurze_Verschwenkung_-_mit_Gegenverkehr.svg
Zeichen 515-11 - Verschwenkungstafel - ohne Gegenverkehr mit integriertem Zeichen 264 StVO - zweistreifig nach links (16.png;Public domain;"https://commons.wikimedia.org/wiki/File:Zeichen_515-11_-_Verschwenkungstafel_-_ohne_Gegenverkehr_mit_integriertem_Zeichen_264_StVO_-_zweistreifig_nach_links_(1600x1250);_StVO_2017.svg"
Zeichen 515-12 - Verschwenkungstafel - ohne Gegenverkehr mit integriertem Zeichen 264 StVO - dreistreifig nach links (16.png;Public domain;"https://commons.wikimedia.org/wiki/File:Zeichen_515-12_-_Verschwenkungstafel_-_ohne_Gegenverkehr_mit_integriertem_Zeichen_264_StVO_-_dreistreifig_nach_links_(1600x1250);_StVO_2017.svg"
Zeichen 515-21 - Verschwenkungstafel - ohne Gegenverkehr mit integriertem Zeichen 264 StVO - zweistreifig nach rechts (1.png;Public domain;"https://commons.wikimedia.org/wiki/File:Zeichen_515-21_-_Verschwenkungstafel_-_ohne_Gegenverkehr_mit_integriertem_Zeichen_264_StVO_-_zweistreifig_nach_rechts_(1600x1250);_StVO_2017.svg"
Zeichen 515-22 - Verschwenkungstafel - ohne Gegenverkehr mit integriertem Zeichen 264 StVO - dreistreifig nach rechts (1.png;Public domain;"https://commons.wikimedia.org/wiki/File:Zeichen_515-22_-_Verschwenkungstafel_-_ohne_Gegenverkehr_mit_integriertem_Zeichen_264_StVO_-_dreistreifig_nach_rechts_(1600x1250);_StVO_2017.svg"
"Zeichen 521-30 - Fahrstreifentafel; Darstellung ohne Gegenverkehr - zwei Fahrstreifen in Fahrtrichtung, StVO 1992.png";Public domain;"https://commons.wikimedia.org/wiki/File:Zeichen_521-30_-_Fahrstreifentafel;_Darstellung_ohne_Gegenverkehr_-_zwei_Fahrstreifen_in_Fahrtrichtung,_StVO_1992.svg"
"Zeichen 521-31 - Fahrstreifentafel − Darstellung ohne Gegenverkehr - drei Fahrstreifen in Fahrtrichtung; StVO 1992.png";Public domain;"https://commons.wikimedia.org/wiki/File:Zeichen_521-31_-_Fahrstreifentafel_%E2%88%92_Darstellung_ohne_Gegenverkehr_-_drei_Fahrstreifen_in_Fahrtrichtung;_StVO_1992.svg"
"Zeichen 521-32 - Fahrstreifentafel; Darstellung ohne Gegenverkehr - vier Fahrstreifen in Fahrtrichtung (1600x1250); StVO.png";Public domain;"https://commons.wikimedia.org/wiki/File:Zeichen_521-32_-_Fahrstreifentafel;_Darstellung_ohne_Gegenverkehr_-_vier_Fahrstreifen_in_Fahrtrichtung_(1600x1250);_StVO_1992.svg"
"Zeichen 521-33 - Fahrstreifentafel; Darstellung ohne Gegenverkehr - fünf Fahrstreifen in Fahrtrichtung (1600x1250); StVO.png";Public domain;"https://commons.wikimedia.org/wiki/File:Zeichen_521-33_-_Fahrstreifentafel;_Darstellung_ohne_Gegenverkehr_-_f%C3%BCnf_Fahrstreifen_in_Fahrtrichtung_(1600x1250);_StVO_1992.svg"
"Zeichen 522-30 - Fahrstreifentafel; Darstellung mit Gegenverkehr- ein Fahrstreifen in Fahrtrichtung, ein Fahrstreifen in.png";Public domain;"https://commons.wikimedia.org/wiki/File:Zeichen_522-30_-_Fahrstreifentafel;_Darstellung_mit_Gegenverkehr-_ein_Fahrstreifen_in_Fahrtrichtung,_ein_Fahrstreifen_in_Gegenrichtung_(1600x1250);_StVO_1992.svg"
"Zeichen 522-31 - Fahrstreifentafel; Darstellung mit Gegenverkehr - zwei Fahrstreifen in Fahrtrichtung, ein Fahrstreifen .png";Public domain;"https://commons.wikimedia.org/wiki/File:Zeichen_522-31_-_Fahrstreifentafel;_Darstellung_mit_Gegenverkehr_-_zwei_Fahrstreifen_in_Fahrtrichtung,_ein_Fahrstreifen_in_Gegenrichtung_(1600x1250),_StVO_1992.svg"
"Zeichen 522-32 - Fahrstreifentafel; Darstellung mit Gegenverkehr- ein Fahrstreifen in Fahrtrichtung, zwei Fahrstreifen i.png";Public domain;"https://commons.wikimedia.org/wiki/File:Zeichen_522-32_-_Fahrstreifentafel;_Darstellung_mit_Gegenverkehr-_ein_Fahrstreifen_in_Fahrtrichtung,_zwei_Fahrstreifen_in_Gegenrichtung_(1600x1250),_StVO_1992.svg"
"Zeichen 522-33 - Fahrstreifentafel; Darstellung mit Gegenverkehr - zwei Fahrstreifen in Fahrtrichtung, zwei Fahrstreifen.png";Public domain;"https://commons.wikimedia.org/wiki/File:Zeichen_522-33_-_Fahrstreifentafel;_Darstellung_mit_Gegenverkehr_-_zwei_Fahrstreifen_in_Fahrtrichtung,_zwei_Fahrstreifen_in_Gegenrichtung_(1600x1250);_StVO_1992.svg"
Zeichen 522-34.png;Public domain;https://commons.wikimedia.org/wiki/File:Zeichen_522-34.svg
Zeichen 522-35.png;Public domain;https://commons.wikimedia.org/wiki/File:Zeichen_522-35.svg
Zeichen 522-36 - Fahrstreifentafel − mit Gegenverkehr − dreistreifig in Fahrtrichtung und dreistreifig in Gegenrichtung .png;Public domain;"https://commons.wikimedia.org/wiki/File:Zeichen_522-36_-_Fahrstreifentafel_%E2%88%92_mit_Gegenverkehr_%E2%88%92_dreistreifig_in_Fahrtrichtung_und_dreistreifig_in_Gegenrichtung_(1600x1250);_StVO_2013.svg"
Zeichen 522-37 - Fahrstreifentafel - mit Gegenverkehr - dreistreifig in Fahrtrichtung und einstreifig in Gegenrichtung (.png;Public domain;"https://commons.wikimedia.org/wiki/File:Zeichen_522-37_-_Fahrstreifentafel_-_mit_Gegenverkehr_-_dreistreifig_in_Fahrtrichtung_und_einstreifig_in_Gegenrichtung_(1600x1250);_StVO_2017.svg"
Zeichen 522-38 - Fahrstreifentafel − mit Gegenverkehr − einstreifig in Fahrtrichtung und dreistreifig in Gegenrichtung (.png;Public domain;"https://commons.wikimedia.org/wiki/File:Zeichen_522-38_-_Fahrstreifentafel_%E2%88%92_mit_Gegenverkehr_%E2%88%92_einstreifig_in_Fahrtrichtung_und_dreistreifig_in_Gegenrichtung_(1600x1250);_StVO_2017.svg"
Zeichen 523-30 - Fahrstreifentafel - ohne Gegenverkehr mit integriertem Zeichen 274 - zweistreifig in Fahrtrichtung (160.png;Public domain;"https://commons.wikimedia.org/wiki/File:Zeichen_523-30_-_Fahrstreifentafel_-_ohne_Gegenverkehr_mit_integriertem_Zeichen_274_-_zweistreifig_in_Fahrtrichtung_(1600x1250);_StVO_2017.svg"
Zeichen 523-31 - Fahrstreifentafel - ohne Gegenverkehr mit integriertem Zeichen 274 - dreistreifig in Fahrtrichtung (160.png;Public domain;"https://commons.wikimedia.org/wiki/File:Zeichen_523-31_-_Fahrstreifentafel_-_ohne_Gegenverkehr_mit_integriertem_Zeichen_274_-_dreistreifig_in_Fahrtrichtung_(1600x1250);_StVO_2017.svg"
Zeichen 524-30 - Fahrstreifentafel - ohne Gegenverkehr mit integriertem Zeichen 253 - zweistreifig in Fahrtrichtung (160.png;Public domain;"https://commons.wikimedia.org/wiki/File:Zeichen_524-30_-_Fahrstreifentafel_-_ohne_Gegenverkehr_mit_integriertem_Zeichen_253_-_zweistreifig_in_Fahrtrichtung_(1600x1250);_StVO_2017.svg"
Zeichen 524-31 - Fahrstreifentafel - ohne Gegenverkehr mit integriertem Zeichen 253 - dreistreifig in Fahrtrichtung (160.png;Public domain;"https://commons.wikimedia.org/wiki/File:Zeichen_524-31_-_Fahrstreifentafel_-_ohne_Gegenverkehr_mit_integriertem_Zeichen_253_-_dreistreifig_in_Fahrtrichtung_(1600x1250);_StVO_2017.svg"
Zeichen 524-32 - Fahrstreifentafel - ohne Gegenverkehr mit integriertem Zeichen 253 - vierstreifig in Fahrtrichtung (160.png;Public domain;"https://commons.wikimedia.org/wiki/File:Zeichen_524-32_-_Fahrstreifentafel_-_ohne_Gegenverkehr_mit_integriertem_Zeichen_253_-_vierstreifig_in_Fahrtrichtung_(1600x1250);_StVO_2017.svg"
Zeichen 524-33 - Fahrstreifentafel - ohne Gegenverkehr mit integriertem Zeichen 253 - fünfstreifig in Fahrtrichtung (160.png;Public domain;"https://commons.wikimedia.org/wiki/File:Zeichen_524-33_-_Fahrstreifentafel_-_ohne_Gegenverkehr_mit_integriertem_Zeichen_253_-_f%C3%BCnfstreifig_in_Fahrtrichtung_(1600x1250);_StVO_2017.svg"
Zeichen 525-31 - Fahrstreifentafel - ohne Gegenverkehr mit integriertem Zeichen 275 - dreistreifig in Fahrtrichtung (160.png;Public domain;"https://commons.wikimedia.org/wiki/File:Zeichen_525-31_-_Fahrstreifentafel_-_ohne_Gegenverkehr_mit_integriertem_Zeichen_275_-_dreistreifig_in_Fahrtrichtung_(1600x1250);_StVO_2017.svg"
Zeichen 526-31 - Fahrstreifentafel - mit Gegenverkehr und mit integriertem Zeichen 275 - zweistreifig in Fahrtrichtung u.png;Public domain;https://commons.wikimedia.org/wiki/File:Zeichen_526-31_-_Fahrstreifentafel_-_mit_Gegenverkehr_und_mit_integriertem_Zeichen_275_-_zweistreifig_in_Fahrtrichtung_und_einstreifig_in_Gegenrichtung,_StVO_2017.svg
Zeichen 526-33 - Fahrstreifentafel – mit Gegenverkehr und mit integriertem Zeichen 275 – zweistreifig in Fahrtrichtung u.png;Public domain;https://commons.wikimedia.org/wiki/File:Zeichen_526-33_-_Fahrstreifentafel_%E2%80%93_mit_Gegenverkehr_und_mit_integriertem_Zeichen_275_%E2%80%93_zweistreifig_in_Fahrtrichtung_und_zweistreifig_in_Gegenrichtung,_StVO_2017.svg
Zeichen 527-30 Fahrstreifentafel - ohne Gegenverkehr mit integriertem Zeichen 262.png;Public domain;https://commons.wikimedia.org/wiki/File:Zeichen_527-30_Fahrstreifentafel_-_ohne_Gegenverkehr_mit_integriertem_Zeichen_262.svg
Zeichen 527-31 Fahrstreifentafel - ohne Gegenverkehr mit integriertem Zeichen 262.png;Public domain;https://commons.wikimedia.org/wiki/File:Zeichen_527-31_Fahrstreifentafel_-_ohne_Gegenverkehr_mit_integriertem_Zeichen_262.svg
Zeichen 528-30 Fahrstreifentafel - ohne Gegenverkehr mit integriertem Zeichen 263.png;Public domain;https://commons.wikimedia.org/wiki/File:Zeichen_528-30_Fahrstreifentafel_-_ohne_Gegenverkehr_mit_integriertem_Zeichen_263.svg
Zeichen 528-31 Fahrstreifentafel - ohne Gegenverkehr mit integriertem Zeichen 263.png;Public domain;https://commons.wikimedia.org/wiki/File:Zeichen_528-31_Fahrstreifentafel_-_ohne_Gegenverkehr_mit_integriertem_Zeichen_263.svg
Zeichen 529-30 Fahrstreifentafel - ohne Gegenverkehr mit integriertem Zeichen 265.png;Public domain;https://commons.wikimedia.org/wiki/File:Zeichen_529-30_Fahrstreifentafel_-_ohne_Gegenverkehr_mit_integriertem_Zeichen_265.svg
Zeichen 529-31 Fahrstreifentafel - ohne Gegenverkehr mit integriertem Zeichen 265.png;Public domain;https://commons.wikimedia.org/wiki/File:Zeichen_529-31_Fahrstreifentafel_-_ohne_Gegenverkehr_mit_integriertem_Zeichen_265.svg
"Zeichen 531-10 - Einengungstafel; Darstellung ohne Gegenverkehr - noch ein Fahrstreifen links in Fahrtrichtung, StVO 199.png";Public domain;"https://commons.wikimedia.org/wiki/File:Zeichen_531-10_-_Einengungstafel;_Darstellung_ohne_Gegenverkehr_-_noch_ein_Fahrstreifen_links_in_Fahrtrichtung,_StVO_1992.svg"
Zeichen 531-11 - Einengungstafel, Darstellung ohne Gegenverkehr- noch zwei Fahrstreifen links in Fahrtrichtung, StVO 199.png;Public domain;https://commons.wikimedia.org/wiki/File:Zeichen_531-11_-_Einengungstafel,_Darstellung_ohne_Gegenverkehr-_noch_zwei_Fahrstreifen_links_in_Fahrtrichtung,_StVO_1992.svg
Zeichen 531-12 - Einengungstafel − ohne Gegenverkehr − Einzug rechts, noch 3 Fahrstreifen (1600x1250), StVO 2017.png;Public domain;https://commons.wikimedia.org/wiki/File:Zeichen_531-12_-_Einengungstafel_%E2%88%92_ohne_Gegenverkehr_%E2%88%92_Einzug_rechts,_noch_3_Fahrstreifen_(1600x1250),_StVO_2017.svg
Zeichen 531-13 - Einengungstafel − ohne Gegenverkehr − Einzug rechts, noch 4 Fahrstreifen (1600x1250), StVO 2017.png;Public domain;https://commons.wikimedia.org/wiki/File:Zeichen_531-13_-_Einengungstafel_%E2%88%92_ohne_Gegenverkehr_%E2%88%92_Einzug_rechts,_noch_4_Fahrstreifen_(1600x1250),_StVO_2017.svg
Zeichen 531-14 Einengungstafel - ohne Gegenverkehr.png;Public domain;https://commons.wikimedia.org/wiki/File:Zeichen_531-14_Einengungstafel_-_ohne_Gegenverkehr.svg
Zeichen 531-15 Einengungstafel - ohne Gegenverkehr.png;Public domain;https://commons.wikimedia.org/wiki/File:Zeichen_531-15_Einengungstafel_-_ohne_Gegenverkehr.svg
Zeichen 531-16 Einengungstafel - ohne Gegenverkehr.png;Public domain;https://commons.wikimedia.org/wiki/File:Zeichen_531-16_Einengungstafel_-_ohne_Gegenverkehr.svg
Zeichen 531-20 - Einengungstafel − ohne Gegenverkehr − Einzug links, noch 1 Fahrstreifen (1600x1250), StVO 2017.png;Public domain;https://commons.wikimedia.org/wiki/File:Zeichen_531-20_-_Einengungstafel_%E2%88%92_ohne_Gegenverkehr_%E2%88%92_Einzug_links,_noch_1_Fahrstreifen_(1600x1250),_StVO_2017.svg
Zeichen 531-21 - Einengungstafel − ohne Gegenverkehr − Einzug links, noch 2 Fahrstreifen (1600x1250), StVO 2017.png;Public domain;https://commons.wikimedia.org/wiki/File:Zeichen_531-21_-_Einengungstafel_%E2%88%92_ohne_Gegenverkehr_%E2%88%92_Einzug_links,_noch_2_Fahrstreifen_(1600x1250),_StVO_2017.svg
Zeichen 531-22 - Einengungstafel − ohne Gegenverkehr − Einzug links, noch 3 Fahrstreifen (1600x1250), StVO 2017.png;Public domain;https://commons.wikimedia.org/wiki/File:Zeichen_531-22_-_Einengungstafel_%E2%88%92_ohne_Gegenverkehr_%E2%88%92_Einzug_links,_noch_3_Fahrstreifen_(1600x1250),_StVO_2017.svg
Zeichen 531-23 - Einengungstafel − ohne Gegenverkehr − Einzug links, noch 4 Fahrstreifen (1600x1250), StVO 2017.png;Public domain;https://commons.wikimedia.org/wiki/File:Zeichen_531-23_-_Einengungstafel_%E2%88%92_ohne_Gegenverkehr_%E2%88%92_Einzug_links,_noch_4_Fahrstreifen_(1600x1250),_StVO_2017.svg
Zeichen 531-24 Einengungstafel - ohne Gegenverkehr.png;Public domain;https://commons.wikimedia.org/wiki/File:Zeichen_531-24_Einengungstafel_-_ohne_Gegenverkehr.svg
Zeichen 531-25 Einengungstafel - ohne Gegenverkehr.png;Public domain;https://commons.wikimedia.org/wiki/File:Zeichen_531-25_Einengungstafel_-_ohne_Gegenverkehr.svg
Zeichen 531-26 Einengungstafel - ohne Gegenverkehr.png;Public domain;https://commons.wikimedia.org/wiki/File:Zeichen_531-26_Einengungstafel_-_ohne_Gegenverkehr.svg
Zeichen 532-10 - Einengungstafel, Darstellung mit Gegenverkehr - noch ein Fahrstreifen links in Fahrtrichtung und ein Fa.png;Public domain;https://commons.wikimedia.org/wiki/File:Zeichen_532-10_-_Einengungstafel,_Darstellung_mit_Gegenverkehr_-_noch_ein_Fahrstreifen_links_in_Fahrtrichtung_und_ein_Fahrstreifen_im_Gegenverkehr,_StVO_1992.svg
Zeichen 532-20 - Einengungstafel − mit Gegenverkehr − Einzug links, noch 1 Fahrstreifen und 1 Fahrstreifen in Gegenricht.png;Public domain;https://commons.wikimedia.org/wiki/File:Zeichen_532-20_-_Einengungstafel_%E2%88%92_mit_Gegenverkehr_%E2%88%92_Einzug_links,_noch_1_Fahrstreifen_und_1_Fahrstreifen_in_Gegenrichtung_(1600x1250),_StVO_2017.svg
Zeichen 532-21 - Einengungstafel − mit Gegenverkehr − Einzug links, noch 1 Fahrstreifen und 2 Fahrstreifen in Gegenricht.png;Public domain;https://commons.wikimedia.org/wiki/File:Zeichen_532-21_-_Einengungstafel_%E2%88%92_mit_Gegenverkehr_%E2%88%92_Einzug_links,_noch_1_Fahrstreifen_und_2_Fahrstreifen_in_Gegenrichtung_(1600x1250),_StVO_2017.svg
Zeichen 533-20 - Trennungstafel – ohne Gegenverkehr – zweistreifig durchgehend und einstreifig rechts ab (1600x1250), St.png;Public domain;https://commons.wikimedia.org/wiki/File:Zeichen_533-20_-_Trennungstafel_%E2%80%93_ohne_Gegenverkehr_%E2%80%93_zweistreifig_durchgehend_und_einstreifig_rechts_ab_(1600x1250),_StVO_2017.svg
Zeichen 533-21 - Trennungstafel – ohne Gegenverkehr – dreistreifig durchgehend und einstreifig rechts ab (1600x1250), St.png;Public domain;https://commons.wikimedia.org/wiki/File:Zeichen_533-21_-_Trennungstafel_%E2%80%93_ohne_Gegenverkehr_%E2%80%93_dreistreifig_durchgehend_und_einstreifig_rechts_ab_(1600x1250),_StVO_2013.svg
Zeichen 533-22 - Trennungstafel – ohne Gegenverkehr – zweistreifig durchgehend und zweistreifig rechts ab (1600x1250), S.png;Public domain;https://commons.wikimedia.org/wiki/File:Zeichen_533-22_-_Trennungstafel_%E2%80%93_ohne_Gegenverkehr_%E2%80%93_zweistreifig_durchgehend_und_zweistreifig_rechts_ab_(1600x1250),_StVO_2013.svg
Zeichen 533-22 Trennungstafel - ohne Gegenverkehr.png;Public domain;https://commons.wikimedia.org/wiki/File:Zeichen_533-22_Trennungstafel_-_ohne_Gegenverkehr.svg
Zeichen 533-23 Trennungstafel - ohne Gegenverkehr.png;Public domain;https://commons.wikimedia.org/wiki/File:Zeichen_533-23_Trennungstafel_-_ohne_Gegenverkehr.svg
Zeichen 533-24 Trennungstafel - ohne Gegenverkehr.png;Public domain;https://commons.wikimedia.org/wiki/File:Zeichen_533-24_Trennungstafel_-_ohne_Gegenverkehr.svg
Zeichen 533-25 Trennungstafel - ohne Gegenverkehr.png;Public domain;https://commons.wikimedia.org/wiki/File:Zeichen_533-25_Trennungstafel_-_ohne_Gegenverkehr.svg
Zeichen 533-26 Trennungstafel - ohne Gegenverkehr.png;Public domain;https://commons.wikimedia.org/wiki/File:Zeichen_533-26_Trennungstafel_-_ohne_Gegenverkehr.svg
Zeichen 533-27 Trennungstafel - ohne Gegenverkehr.png;Public domain;https://commons.wikimedia.org/wiki/File:Zeichen_533-27_Trennungstafel_-_ohne_Gegenverkehr.svg
Zeichen 533-28 Trennungstafel - ohne Gegenverkehr.png;Public domain;https://commons.wikimedia.org/wiki/File:Zeichen_533-28_Trennungstafel_-_ohne_Gegenverkehr.svg
Zeichen 533-29 Trennungstafel - ohne Gegenverkehr.png;Public domain;https://commons.wikimedia.org/wiki/File:Zeichen_533-29_Trennungstafel_-_ohne_Gegenverkehr.svg
Zeichen 533-60 Trennungstafel - ohne Gegenverkehr.png;Public domain;https://commons.wikimedia.org/wiki/File:Zeichen_533-60_Trennungstafel_-_ohne_Gegenverkehr.svg
Zeichen 533-61 Trennungstafel - ohne Gegenverkehr.png;Public domain;https://commons.wikimedia.org/wiki/File:Zeichen_533-61_Trennungstafel_-_ohne_Gegenverkehr.svg
Zeichen 533-62 Trennungstafel - ohne Gegenverkehr.png;Public domain;https://commons.wikimedia.org/wiki/File:Zeichen_533-62_Trennungstafel_-_ohne_Gegenverkehr.svg
Zeichen 533-63 Trennungstafel - ohne Gegenverkehr.png;Public domain;https://commons.wikimedia.org/wiki/File:Zeichen_533-63_Trennungstafel_-_ohne_Gegenverkehr.svg
"Zeichen 535-11 - Einengungstafel; Darstellung ohne Gegenverkehr und mit integriertem Zeichen 279 StVO - noch zwei Fahrst.png";Public domain;"https://commons.wikimedia.org/wiki/File:Zeichen_535-11_-_Einengungstafel;_Darstellung_ohne_Gegenverkehr_und_mit_integriertem_Zeichen_279_StVO_-_noch_zwei_Fahrstreifen_links_in_Fahrtrichtung,_StVO_1992.svg"
"Zeichen 535-21 - Einengungstafel; Darstellung ohne Gegenverkehr und mit integriertem Zeichen 279 StVO - noch zwei Fahrst.png";Public domain;"https://commons.wikimedia.org/wiki/File:Zeichen_535-21_-_Einengungstafel;_Darstellung_ohne_Gegenverkehr_und_mit_integriertem_Zeichen_279_StVO_-_noch_zwei_Fahrstreifen_rechts_in_Fahrtrichtung,_StVO_1992.svg"
Zeichen 536-20 - Einengungstafel − ohne Gegenverkehr mit integriertem Zeichen 279 − Einzug links, noch 1 Fahrstreifen un.png;Public domain;https://commons.wikimedia.org/wiki/File:Zeichen_536-20_-_Einengungstafel_%E2%88%92_ohne_Gegenverkehr_mit_integriertem_Zeichen_279_%E2%88%92_Einzug_links,_noch_1_Fahrstreifen_und_1_Fahrstreifen_in_Gegenrichtung_StVO_2017.svg
"Zeichen 536-21 - Einengungstafel; Darstellung mit Gegenverkehr und mit integriertem Zeichen 279 StVO - noch ein Fahrstre.png";Public domain;"https://commons.wikimedia.org/wiki/File:Zeichen_536-21_-_Einengungstafel;_Darstellung_mit_Gegenverkehr_und_mit_integriertem_Zeichen_279_StVO_-_noch_ein_Fahrstreifen_rechts_in_Fahrtrichtung,_und_zwei_Fahrstreifen_im_Gegenverkehr,_StVO_1992.svg"
Zeichen 537-30 - Fahrstreifentafel – ohne Gegenverkehr mit integriertem Zeichen 278 – zweistreifig in Fahrtrichtung (160.png;Public domain;https://commons.wikimedia.org/wiki/File:Zeichen_537-30_-_Fahrstreifentafel_%E2%80%93_ohne_Gegenverkehr_mit_integriertem_Zeichen_278_%E2%80%93_zweistreifig_in_Fahrtrichtung_(1600x1250),_StVO_2017.svg
Zeichen 537-31 - Fahrstreifentafel – ohne Gegenverkehr mit integriertem Zeichen 278 – dreistreifig in Fahrtrichtung (160.png;Public domain;https://commons.wikimedia.org/wiki/File:Zeichen_537-31_-_Fahrstreifentafel_%E2%80%93_ohne_Gegenverkehr_mit_integriertem_Zeichen_278_%E2%80%93_dreistreifig_in_Fahrtrichtung_(1600x1250),_StVO_2017.svg
Zeichen 538-30 Fahrstreifentafel - ohne Gegenverkehr mit integriertem Zeichen 282.png;Public domain;https://commons.wikimedia.org/wiki/File:Zeichen_538-30_Fahrstreifentafel_-_ohne_Gegenverkehr_mit_integriertem_Zeichen_282.svg
Zeichen 538-31 Fahrstreifentafel - ohne Gegenverkehr mit integriertem Zeichen 282.png;Public domain;https://commons.wikimedia.org/wiki/File:Zeichen_538-31_Fahrstreifentafel_-_ohne_Gegenverkehr_mit_integriertem_Zeichen_282.svg
"Zeichen 541-10 - Aufweitungstafel; Darstellung ohne Gegenverkehr- ein vorhandener und ein zusätzlicher Fahrstreifen link.png";Public domain;"https://commons.wikimedia.org/wiki/File:Zeichen_541-10_-_Aufweitungstafel;_Darstellung_ohne_Gegenverkehr-_ein_vorhandener_und_ein_zus%C3%A4tzlicher_Fahrstreifen_links_in_Fahrtrichtung,_StVO_1992.svg"
"Zeichen 541-11 - Aufweitungstafel; Darstellung ohne Gegenverkehr – zwei vorhandene und ein zusätzlicher Fahrstreifen lin.png";Public domain;"https://commons.wikimedia.org/wiki/File:Zeichen_541-11_-_Aufweitungstafel;_Darstellung_ohne_Gegenverkehr_%E2%80%93_zwei_vorhandene_und_ein_zus%C3%A4tzlicher_Fahrstreifen_links_in_Fahrtrichtung,_StVO_1992.svg"
Zeichen 541-12 Aufleitungstafel - ohne Gegenverkehr.png;Public domain;https://commons.wikimedia.org/wiki/File:Zeichen_541-12_Aufleitungstafel_-_ohne_Gegenverkehr.svg
Zeichen 541-13 Aufleitungstafel - ohne Gegenverkehr.png;Public domain;https://commons.wikimedia.org/wiki/File:Zeichen_541-13_Aufleitungstafel_-_ohne_Gegenverkehr.svg
"Zeichen 541-20 - Aufweitungstafel; Darstellung ohne Gegenverkehr- ein vorhandener und ein zusätzlicher Fahrstreifen rech.png";Public domain;"https://commons.wikimedia.org/wiki/File:Zeichen_541-20_-_Aufweitungstafel;_Darstellung_ohne_Gegenverkehr-_ein_vorhandener_und_ein_zus%C3%A4tzlicher_Fahrstreifen_rechts_in_Fahrtrichtung,_StVO_1992.svg"
"Zeichen 541-21 - Aufweitungstafel; Darstellung ohne Gegenverkehr- zwei vorhandene und ein zusätzlicher Fahrstreifen rech.png";Public domain;"https://commons.wikimedia.org/wiki/File:Zeichen_541-21_-_Aufweitungstafel;_Darstellung_ohne_Gegenverkehr-_zwei_vorhandene_und_ein_zus%C3%A4tzlicher_Fahrstreifen_rechts_in_Fahrtrichtung,_StVO_1992.svg"
Zeichen 541-22 Aufleitungstafel - ohne Gegenverkehr.png;Public domain;https://commons.wikimedia.org/wiki/File:Zeichen_541-22_Aufleitungstafel_-_ohne_Gegenverkehr.svg
Zeichen 541-23 Aufleitungstafel - ohne Gegenverkehr.png;Public domain;https://commons.wikimedia.org/wiki/File:Zeichen_541-23_Aufleitungstafel_-_ohne_Gegenverkehr.svg
"Zeichen 542-10 - Aufweitungstafel; Darstellung mit Gegenverkehr- ein vorhandener und ein zusätzlicher Fahrstreifen links.png";Public domain;"https://commons.wikimedia.org/wiki/File:Zeichen_542-10_-_Aufweitungstafel;_Darstellung_mit_Gegenverkehr-_ein_vorhandener_und_ein_zus%C3%A4tzlicher_Fahrstreifen_links_in_Fahrtrichtung,_ein_Fahrstreifen_im_Gegenverkehr,_StVO_1992.svg"
"Zeichen 542-11 - Aufweitungstafel; Darstellung mit Gegenverkehr - ein vorhandener und ein zusätzlicher Fahrstreifen link.png";Public domain;"https://commons.wikimedia.org/wiki/File:Zeichen_542-11_-_Aufweitungstafel;_Darstellung_mit_Gegenverkehr_-_ein_vorhandener_und_ein_zus%C3%A4tzlicher_Fahrstreifen_links_in_Fahrtrichtung,_zwei_Fahrstreifen_im_Gegenverkehr,_StVO_1992.svg"
Zeichen 542-12 Aufleitungstafel - mit Gegenverkehr.png;Public domain;https://commons.wikimedia.org/wiki/File:Zeichen_542-12_Aufleitungstafel_-_mit_Gegenverkehr.svg
Zeichen 542-13 Aufleitungstafel - mit Gegenverkehr.png;Public domain;https://commons.wikimedia.org/wiki/File:Zeichen_542-13_Aufleitungstafel_-_mit_Gegenverkehr.svg
Zeichen 542-14 Aufleitungstafel - mit Gegenverkehr.png;Public domain;https://commons.wikimedia.org/wiki/File:Zeichen_542-14_Aufleitungstafel_-_mit_Gegenverkehr.svg
Zeichen 542-15 Aufleitungstafel - mit Gegenverkehr.png;Public domain;https://commons.wikimedia.org/wiki/File:Zeichen_542-15_Aufleitungstafel_-_mit_Gegenverkehr.svg
"Zeichen 545-11 - Aufweitungstafel; Darstellung ohne Gegenverkehr und mit integriertem Zeichen 275 StVO- zwei vorhandene .png";Public domain;"https://commons.wikimedia.org/wiki/File:Zeichen_545-11_-_Aufweitungstafel;_Darstellung_ohne_Gegenverkehr_und_mit_integriertem_Zeichen_275_StVO-_zwei_vorhandene_und_ein_zus%C3%A4tzlicher_Fahrstreifen_links_in_Fahrtrichtung,_StVO_1992.svg"
Zeichen 546-10 - Aufweitungstafel − mit Gegenverkehr mit integriertem Zeichen 275 − einstreifig plus Fahrstreifen links .png;Public domain;https://commons.wikimedia.org/wiki/File:Zeichen_546-10_-_Aufweitungstafel_%E2%88%92_mit_Gegenverkehr_mit_integriertem_Zeichen_275_%E2%88%92_einstreifig_plus_Fahrstreifen_links_und_1_Fahrstreifen_in_Gegenrichtung_(1600x1250),_StVO_2017.svg
Zeichen 546-11 - Aufweitungstafel − mit Gegenverkehr mit integriertem Zeichen 275 − einstreifig plus Fahrstreifen links .png;Public domain;https://commons.wikimedia.org/wiki/File:Zeichen_546-11_-_Aufweitungstafel_%E2%88%92_mit_Gegenverkehr_mit_integriertem_Zeichen_275_%E2%88%92_einstreifig_plus_Fahrstreifen_links_und_2_Fahrstreifen_in_Gegenrichtung_(1600x1250),_StVO_2017.svg
Zeichen 550-20 - Zusammenführungstafel – an durchgehender Strecke – einstreifig plus 1 Fahrstreifen von rechts (1600x125.png;Public domain;https://commons.wikimedia.org/wiki/File:Zeichen_550-20_-_Zusammenf%C3%BChrungstafel_%E2%80%93_an_durchgehender_Strecke_%E2%80%93_einstreifig_plus_1_Fahrstreifen_von_rechts_(1600x1250),_StVO_2017.svg
Zeichen 550-21 - Zusammenführungstafel – an durchgehender Strecke – zweistreifig plus 1 Fahrstreifen von rechts (1600x12.png;Public domain;https://commons.wikimedia.org/wiki/File:Zeichen_550-21_-_Zusammenf%C3%BChrungstafel_%E2%80%93_an_durchgehender_Strecke_%E2%80%93_zweistreifig_plus_1_Fahrstreifen_von_rechts_(1600x1250),_StVO_2017.svg
Zeichen 550-22 - Zusammenführungstafel – an durchgehender Strecke – dreistreifig plus 1 Fahrstreifen von rechts (1600x12.png;Public domain;https://commons.wikimedia.org/wiki/File:Zeichen_550-22_-_Zusammenf%C3%BChrungstafel_%E2%80%93_an_durchgehender_Strecke_%E2%80%93_dreistreifig_plus_1_Fahrstreifen_von_rechts_(1600x1250),_StVO_2017.svg
Zeichen 550-23 - Zusammenführungstafel – an durchgehender Strecke – zweistreifig plus 2 Fahrstreifen von rechts (1600x12.png;Public domain;https://commons.wikimedia.org/wiki/File:Zeichen_550-23_-_Zusammenf%C3%BChrungstafel_%E2%80%93_an_durchgehender_Strecke_%E2%80%93_zweistreifig_plus_2_Fahrstreifen_von_rechts_(1600x1250),_StVO_2017.svg
Zeichen 550-24 - Zusammenführungstafel – an durchgehender Strecke – dreistreifig plus 2 Fahrstreifen von rechts (1600x12.png;Public domain;https://commons.wikimedia.org/wiki/File:Zeichen_550-24_-_Zusammenf%C3%BChrungstafel_%E2%80%93_an_durchgehender_Strecke_%E2%80%93_dreistreifig_plus_2_Fahrstreifen_von_rechts_(1600x1250),_StVO_2017.svg
Zeichen 550-25 Zusammenführungstafel - an durchgehender Strecke.png;Public domain;https://commons.wikimedia.org/wiki/File:Zeichen_550-25_Zusammenf%C3%BChrungstafel_-_an_durchgehender_Strecke.svg
Zeichen 550-26 Zusammenführungstafel - an durchgehender Strecke.png;Public domain;https://commons.wikimedia.org/wiki/File:Zeichen_550-26_Zusammenf%C3%BChrungstafel_-_an_durchgehender_Strecke.svg
Zeichen 550-27 Zusammenführungstafel - an durchgehender Strecke.png;Public domain;https://commons.wikimedia.org/wiki/File:Zeichen_550-27_Zusammenf%C3%BChrungstafel_-_an_durchgehender_Strecke.svg
Zeichen 550-28 Zusammenführungstafel - an durchgehender Strecke.png;Public domain;https://commons.wikimedia.org/wiki/File:Zeichen_550-28_Zusammenf%C3%BChrungstafel_-_an_durchgehender_Strecke.svg
Zeichen 550-29 Zusammenführungstafel - an durchgehender Strecke.png;Public domain;https://commons.wikimedia.org/wiki/File:Zeichen_550-29_Zusammenf%C3%BChrungstafel_-_an_durchgehender_Strecke.svg
Zeichen 550-60 Zusammenführungstafel - an durchgehender Strecke.png;Public domain;https://commons.wikimedia.org/wiki/File:Zeichen_550-60_Zusammenf%C3%BChrungstafel_-_an_durchgehender_Strecke.svg
"Zeichen 551-20 - Zusammenführungstafel; Darstellung ohne Gegenverkehr - eins plus eins Fahrstreifen, StVO 1992.png";Public domain;"https://commons.wikimedia.org/wiki/File:Zeichen_551-20_-_Zusammenf%C3%BChrungstafel;_Darstellung_ohne_Gegenverkehr_-_eins_plus_eins_Fahrstreifen,_StVO_1992.svg"
"Zeichen 551-21 - Zusammenführungstafel; Darstellung ohne Gegenverkehr - eins plus zwei Fahrstreifen, StVO 1992.png";Public domain;"https://commons.wikimedia.org/wiki/File:Zeichen_551-21_-_Zusammenf%C3%BChrungstafel;_Darstellung_ohne_Gegenverkehr_-_eins_plus_zwei_Fahrstreifen,_StVO_1992.svg"
"Zeichen 551-21 - Zusammmführungstafel; Darstellung ohne Gegenverkehr - eins plus zwei Fahrstreifen, StVO 1992.png";Public domain;"https://commons.wikimedia.org/wiki/File:Zeichen_551-21_-_Zusammenf%C3%BChrungstafel;_Darstellung_ohne_Gegenverkehr_-_eins_plus_zwei_Fahrstreifen,_StVO_1992.svg"
"Zeichen 551-22 - Zusammenführungstafel; Darstellung ohne Gegenverkehr - zwei plus zwei Fahrstreifen, StVO 1992.png";Public domain;"https://commons.wikimedia.org/wiki/File:Zeichen_551-22_-_Zusammenf%C3%BChrungstafel;_Darstellung_ohne_Gegenverkehr_-_zwei_plus_zwei_Fahrstreifen,_StVO_1992.svg"
"Zeichen 551-23 - Zusammenführungstafel; Darstellung ohne Gegenverkehr - zwei plus drei Fahrstreifen, StVO 1992.png";Public domain;"https://commons.wikimedia.org/wiki/File:Zeichen_551-23_-_Zusammenf%C3%BChrungstafel;_Darstellung_ohne_Gegenverkehr_-_zwei_plus_drei_Fahrstreifen,_StVO_1992.svg"
Zeichen 551-24 - Zusammenführungstafel – an einmündender Strecke – einstreifig einmündend plus dreistreifig durchgehend .png;Public domain;https://commons.wikimedia.org/wiki/File:Zeichen_551-24_-_Zusammenf%C3%BChrungstafel_%E2%80%93_an_einm%C3%BCndender_Strecke_%E2%80%93_einstreifig_einm%C3%BCndend_plus_dreistreifig_durchgehend_(1600x1250),_StVO_2017.svg
Zeichen 551-25 Zusammenführungstafel - an einmündender Strecke.png;Public domain;https://commons.wikimedia.org/wiki/File:Zeichen_551-25_Zusammenf%C3%BChrungstafel_-_an_einm%C3%BCndender_Strecke.svg
Zeichen 551-26 Zusammenführungstafel - an einmündender Strecke.png;Public domain;https://commons.wikimedia.org/wiki/File:Zeichen_551-26_Zusammenf%C3%BChrungstafel_-_an_einm%C3%BCndender_Strecke.svg
Zeichen 551-27 Zusammenführungstafel - an einmündender Strecke.png;Public domain;https://commons.wikimedia.org/wiki/File:Zeichen_551-27_Zusammenf%C3%BChrungstafel_-_an_einm%C3%BCndender_Strecke.svg
Zeichen 551-28 Zusammenführungstafel - an einmündender Strecke.png;Public domain;https://commons.wikimedia.org/wiki/File:Zeichen_551-28_Zusammenf%C3%BChrungstafel_-_an_einm%C3%BCndender_Strecke.svg
Zeichen 551-29 Zusammenführungstafel - an einmündender Strecke.png;Public domain;https://commons.wikimedia.org/wiki/File:Zeichen_551-29_Zusammenf%C3%BChrungstafel_-_an_einm%C3%BCndender_Strecke.svg
Zeichen 551-60 Zusammenführungstafel - an einmündender Strecke.png;Public domain;https://commons.wikimedia.org/wiki/File:Zeichen_551-60_Zusammenf%C3%BChrungstafel_-_an_einm%C3%BCndender_Strecke.svg
Zeichen 590-10 - Blockumfahrung rechts, links, links (600x600), StVO 2009.png;Public domain;https://commons.wikimedia.org/wiki/File:Zeichen_590-10_-_Blockumfahrung_rechts,_links,_links_(600x600),_StVO_2009.svg
Zeichen 590-11 - Blockumfahrung rechts, rechts, rechts (600x600), StVO 2009.png;Public domain;https://commons.wikimedia.org/wiki/File:Zeichen_590-11_-_Blockumfahrung_rechts,_rechts,_rechts_(600x600),_StVO_2009.svg
"Zeichen 600-30 - Absperrschranke (100x800); StVO 1992.png";Public domain;"https://commons.wikimedia.org/wiki/File:Zeichen_600-30_-_Absperrschranke_(100x800);_StVO_1992.svg"
Zeichen 600-31 - Absperrschranke (100x1200), StVO 1992.png;Public domain;https://commons.wikimedia.org/wiki/File:Zeichen_600-31_-_Absperrschranke_(100x1200),_StVO_1992.svg
Zeichen 600-32 - Absperrschranke (100x1600), StVO 1992.png;Public domain;https://commons.wikimedia.org/wiki/File:Zeichen_600-32_-_Absperrschranke_(100x1600),_StVO_1992.svg
Zeichen 600-34 - Absperrschranke (250x1600), StVO 1992.png;Public domain;https://commons.wikimedia.org/wiki/File:Zeichen_600-34_-_Absperrschranke_(250x1600),_StVO_1992.svg
Zeichen 600-60 - Sperrpfosten (Schraffur waagerecht), StVO 2017.png;Public domain;https://commons.wikimedia.org/wiki/File:Zeichen_600-60_-_Sperrpfosten_(Schraffur_waagerecht),_StVO_2017.svg
"Zeichen 605-10 - Leitbake (Aufstellung rechts), 1000x250; StVO 1992.png";Public domain;"https://commons.wikimedia.org/wiki/File:Zeichen_605-10_-_Leitbake_(Aufstellung_rechts),_1000x250;_StVO_1992.svg"
Zeichen 605-11 - Leitbake, Pfeilbake (Aufstellung rechts), 1000x250, StVO 2009.png;Public domain;https://commons.wikimedia.org/wiki/File:Zeichen_605-11_-_Leitbake,_Pfeilbake_(Aufstellung_rechts),_1000x250,_StVO_2009.svg
"Zeichen 605-13 - Warnlichtbake, Aufstellung rechts; StVO 2013.png";Public domain;"https://commons.wikimedia.org/wiki/File:Zeichen_605-13_-_Warnlichtbake,_Aufstellung_rechts;_StVO_2013.svg"
"Zeichen 605-14 - Warnlichtbake mit integriertem Zeichen 222, Aufstellung rechts mit Zeichen 222-10; StVO 2013.png";Public domain;"https://commons.wikimedia.org/wiki/File:Zeichen_605-14_-_Warnlichtbake_mit_integriertem_Zeichen_222,_Aufstellung_rechts_mit_Zeichen_222-10;_StVO_2013.svg"
"Zeichen 605-20 - Leitbake (Aufstellung links), 1000x250; StVO 1992.png";Public domain;"https://commons.wikimedia.org/wiki/File:Zeichen_605-20_-_Leitbake_(Aufstellung_links),_1000x250;_StVO_1992.svg"
Zeichen 605-21 - Leitbake, Pfeilbake (Aufstellung links), 1000x250, StVO 2009.png;Public domain;https://commons.wikimedia.org/wiki/File:Zeichen_605-21_-_Leitbake,_Pfeilbake_(Aufstellung_links),_1000x250,_StVO_2009.svg
"Zeichen 605-23 - Warnlichtbake, Aufstellung links; StVO 2013.png";Public domain;"https://commons.wikimedia.org/wiki/File:Zeichen_605-23_-_Warnlichtbake,_Aufstellung_links;_StVO_2013.svg"
"Zeichen 605-24 - Warnlichtbake mit integriertem Zeichen 222, Aufstellung links mit Zeichen 222; StVO 2013.png";Public domain;"https://commons.wikimedia.org/wiki/File:Zeichen_605-24_-_Warnlichtbake_mit_integriertem_Zeichen_222,_Aufstellung_links_mit_Zeichen_222;_StVO_2013.svg"
Zeichen 610-40 bis 43 - Leitkegel, StVO 2013.png;Public domain;https://commons.wikimedia.org/wiki/File:Zeichen_610-40_bis_43_-_Leitkegel,_StVO_2013.svg
Zeichen 615 - fahrbare Absperrtafel, StVO 1992.png;Public domain;https://commons.wikimedia.org/wiki/File:Zeichen_615_-_fahrbare_Absperrtafel,_StVO_1992.svg
Zeichen 616-30 - fahrbare Absperrtafel mit Blinkpfeil - große Ausführung, StVO 1997.png;Public domain;https://commons.wikimedia.org/wiki/File:Zeichen_616-30_-_fahrbare_Absperrtafel_mit_Blinkpfeil_-_gro%C3%9Fe_Ausf%C3%BChrung,_StVO_1997.svg
Zeichen 616-31 - fahrbahre Absperrtafel mit Blinkpfeil (kleine Ausführung), StVO 1992.png;Public domain;https://commons.wikimedia.org/wiki/File:Zeichen_616-31_-_fahrbahre_Absperrtafel_mit_Blinkpfeil_(kleine_Ausf%C3%BChrung),_StVO_1992.svg
Zeichen 620-40 - Leitpfosten (rechts), StVO 1992.png;Public domain;https://commons.wikimedia.org/wiki/File:Zeichen_620-40_-_Leitpfosten_(rechts),_StVO_1992.svg
Zeichen 620-41 - Leitpfosten (links), StVO 1992.png;Public domain;https://commons.wikimedia.org/wiki/File:Zeichen_620-41_-_Leitpfosten_(links),_StVO_1992.svg
"Zeichen 625-10 - Richtungstafel in Kurven (Aufstellung rechts), 500x500; StVO 1992.png";Public domain;"https://commons.wikimedia.org/wiki/File:Zeichen_625-10_-_Richtungstafel_in_Kurven_(Aufstellung_rechts),_500x500;_StVO_1992.svg"
Zeichen 625-11 - Richtungstafel in Kurven (Aufstellung rechts), 500x1500, StVO 1992.png;Public domain;https://commons.wikimedia.org/wiki/File:Zeichen_625-11_-_Richtungstafel_in_Kurven_(Aufstellung_rechts),_500x1500,_StVO_1992.svg
"Zeichen 625-12 - Richtungstafel in Kurven (Aufstellung rechts), 500x2000; StVO 1992.png";Public domain;"https://commons.wikimedia.org/wiki/File:Zeichen_625-12_-_Richtungstafel_in_Kurven_(Aufstellung_rechts),_500x2000;_StVO_1992.svg"
"Zeichen 625-13 - Richtungstafel in Kurven (Aufstellung rechts), 500x2500; StVO 1992.png";Public domain;"https://commons.wikimedia.org/wiki/File:Zeichen_625-13_-_Richtungstafel_in_Kurven_(Aufstellung_rechts),_500x2500;_StVO_1992.svg"
"Zeichen 625-20 - Richtungstafel in Kurven (Aufstellung links), 500x500; StVO 1992.png";Public domain;"https://commons.wikimedia.org/wiki/File:Zeichen_625-20_-_Richtungstafel_in_Kurven_(Aufstellung_links),_500x500;_StVO_1992.svg"
Zeichen 625-21 - Richtungstafel in Kurven (Aufstellung links), 500x1500, StVO 1992.png;Public domain;https://commons.wikimedia.org/wiki/File:Zeichen_625-21_-_Richtungstafel_in_Kurven_(Aufstellung_links),_500x1500,_StVO_1992.svg
"Zeichen 625-22 - Richtungstafel in Kurven (Aufstellung links), 500x2000; StVO 1992.png";Public domain;"https://commons.wikimedia.org/wiki/File:Zeichen_625-22_-_Richtungstafel_in_Kurven_(Aufstellung_links),_500x2000;_StVO_1992.svg"
"Zeichen 625-23 - Richtungstafel in Kurven (Aufstellung links), 500x2500; StVO 1992.png";Public domain;"https://commons.wikimedia.org/wiki/File:Zeichen_625-23_-_Richtungstafel_in_Kurven_(Aufstellung_links),_500x2500;_StVO_1992.svg"
Zeichen 626-10 - Leitplatte, Aufstellung rechts, StVO 2013.png;Public domain;https://commons.wikimedia.org/wiki/File:Zeichen_626-10_-_Leitplatte,_Aufstellung_rechts,_StVO_2013.svg
Zeichen 626-20 - Leitplatte, Aufstellung links (750x500), StVO 2013.png;Public domain;https://commons.wikimedia.org/wiki/File:Zeichen_626-20_-_Leitplatte,_Aufstellung_links_(750x500),_StVO_2013.svg
"Zeichen 626-30 - Leitplatte (750x500); StVO 2013.png";Public domain;"https://commons.wikimedia.org/wiki/File:Zeichen_626-30_-_Leitplatte_(750x500);_StVO_2013.svg"
"Zeichen 626-31 - Leitplatte (1200x600); StVO 2013.png";Public domain;"https://commons.wikimedia.org/wiki/File:Zeichen_626-31_-_Leitplatte_(1200x600);_StVO_2013.svg"
Zeichen 627-30 - Leitmal waagerecht, StVO 2013.png;Public domain;https://commons.wikimedia.org/wiki/File:Zeichen_627-30_-_Leitmal_waagerecht,_StVO_2013.svg
Zeichen 627-50 - Leitmal (gebogen), StVO 2013.png;Public domain;https://commons.wikimedia.org/wiki/File:Zeichen_627-50_-_Leitmal_(gebogen),_StVO_2013.svg
Zeichen 628-10 - Leitschwelle mit Leitbake (rechts), StVO 2009.png;Public domain;https://commons.wikimedia.org/wiki/File:Zeichen_628-10_-_Leitschwelle_mit_Leitbake_(rechts),_StVO_2009.svg
Zeichen 628-11 - Leitschwelle mit Leitbake (Aufstellung rechts), StVO 2013.png;Public domain;https://commons.wikimedia.org/wiki/File:Zeichen_628-11_-_Leitschwelle_mit_Leitbake_(Aufstellung_rechts),_StVO_2013.svg
Zeichen 628-20 - Leitschwelle mit Leitbake (Aufstellung links), StVO 2009.png;Public domain;https://commons.wikimedia.org/wiki/File:Zeichen_628-20_-_Leitschwelle_mit_Leitbake_(Aufstellung_links),_StVO_2009.svg
Zeichen 628-21 - Leitschwelle mit Leitbake (Aufstellung links), StVO 2013.png;Public domain;https://commons.wikimedia.org/wiki/File:Zeichen_628-21_-_Leitschwelle_mit_Leitbake_(Aufstellung_links),_StVO_2013.svg
Zeichen 629-10 - Leitbord mit Leitbake (rechts), StVO 2009.png;Public domain;https://commons.wikimedia.org/wiki/File:Zeichen_629-10_-_Leitbord_mit_Leitbake_(rechts),_StVO_2009.svg
"Zeichen 629-11 - Leitbord mit Leitbake, (Aufstellung rechts); StVO 2013.png";Public domain;"https://commons.wikimedia.org/wiki/File:Zeichen_629-11_-_Leitbord_mit_Leitbake,_(Aufstellung_rechts);_StVO_2013.svg"
Zeichen 629-20 - Leitbord mit Leitbake (Aufstellung links), StVO 2009.png;Public domain;https://commons.wikimedia.org/wiki/File:Zeichen_629-20_-_Leitbord_mit_Leitbake_(Aufstellung_links),_StVO_2009.svg
"Zeichen 629-21 - Leitbord mit Leitbake, (Aufstellung links); StVO 2013.png";Public domain;"https://commons.wikimedia.org/wiki/File:Zeichen_629-21_-_Leitbord_mit_Leitbake,_(Aufstellung_links);_StVO_2013.svg"
Zeichen 630-10 - Park-Warntafel links vorbei (423x423), StVO 2013.png;Public domain;https://commons.wikimedia.org/wiki/File:Zeichen_630-10_-_Parkwarntafel_links_vorbei_(423x423),_StVO_2013.svg
Zeichen 630-10 - Parkwarntafel links vorbei (423x423), StVO 2013.png;Public domain;https://commons.wikimedia.org/wiki/File:Zeichen_630-10_-_Parkwarntafel_links_vorbei_(423x423),_StVO_2013.svg
Zeichen 630-20 - Parkwarntafel rechts vorbei (423x423), StVO 2013.png;Public domain;https://commons.wikimedia.org/wiki/File:Zeichen_630-20_-_Parkwarntafel_rechts_vorbei_(423x423),_StVO_2013.svg
Zeichen 720 - Grünpfeil, StVO 1994.png;Public domain;https://commons.wikimedia.org/wiki/File:Zeichen_720_-_Gr%C3%BCnpfeil,_StVO_1994.svg
Zeichen 721 - Grünpfeilschild mit Beschränkung auf den Radverkehr, StVO 2020.png;Public domain;https://commons.wikimedia.org/wiki/File:Zeichen_721_-_Gr%C3%BCnpfeilschild_mit_Beschr%C3%A4nkung_auf_den_Radverkehr,_StVO_2020.svg
Zusatzzeichen 1000-10 - Richtungsangaben durch Pfeile, linksweisend, StVO 1992.png;Public domain;https://commons.wikimedia.org/wiki/File:Zusatzzeichen_1000-10_-_Richtungsangaben_durch_Pfeile,_linksweisend,_StVO_1992.svg
Zusatzzeichen 1000-11 - Richtung der Gefahrstelle, linksweisend, StVO 1992.png;Public domain;https://commons.wikimedia.org/wiki/File:Zusatzzeichen_1000-11_-_Richtung_der_Gefahrstelle,_linksweisend,_StVO_1992.svg
"Zusatzzeichen 1000-12 - Fußgänger Gehweg gegenüber benutzen, linksweisend; StVO 1992.png";Public domain;"https://commons.wikimedia.org/wiki/File:Zusatzzeichen_1000-12_-_Fu%C3%9Fg%C3%A4nger_Gehweg_gegen%C3%BCber_benutzen,_linksweisend;_StVO_1992.svg"
Zusatzzeichen 1000-13 - Richtungsangaben durch Pfeile, Umleitungsbeschilderung Dreiviertelkreis, StVO 2017.png;Public domain;https://commons.wikimedia.org/wiki/File:Zusatzzeichen_1000-13_-_Richtungsangaben_durch_Pfeile,_Umleitungsbeschilderung_Dreiviertelkreis,_StVO_2017.svg
Zusatzzeichen 1000-20 - Richtungsangaben durch Pfeile, rechtsweisend, StVO 1992.png;Public domain;https://commons.wikimedia.org/wiki/File:Zusatzzeichen_1000-20_-_Richtungsangaben_durch_Pfeile,_rechtsweisend,_StVO_1992.svg
Zusatzzeichen 1000-21 - Richtung der Gefahrstelle, rechtsweisend, StVO 1992.png;Public domain;https://commons.wikimedia.org/wiki/File:Zusatzzeichen_1000-21_-_Richtung_der_Gefahrstelle,_rechtsweisend,_StVO_1992.svg
Zusatzzeichen 1000-22 - Fußgänger Gehweg gegenüber benutzen, rechtsweisend (600x330), StVO 1992.png;Public domain;https://commons.wikimedia.org/wiki/File:Zusatzzeichen_1000-22_-_Fu%C3%9Fg%C3%A4nger_Gehweg_gegen%C3%BCber_benutzen,_rechtsweisend_(600x330),_StVO_1992.svg
Zusatzzeichen 1000-23 - Richtungsangaben durch Pfeile, Umleitungsbeschilderung Viertelkreis, StVO 2017.png;Public domain;https://commons.wikimedia.org/wiki/File:Zusatzzeichen_1000-23_-_Richtungsangaben_durch_Pfeile,_Umleitungsbeschilderung_Viertelkreis,_StVO_2017.svg
Zusatzzeichen 1000-30 - beide Richtungen, zwei gegengerichtete waagerechte Pfeile, StVO 1992.png;Public domain;https://commons.wikimedia.org/wiki/File:Zusatzzeichen_1000-30_-_beide_Richtungen,_zwei_gegengerichtete_waagerechte_Pfeile,_StVO_1992.svg
Zusatzzeichen 1000-31 - beide Richtungen, zwei gegengerichtete senkrechte Pfeile, StVO 1992.png;Public domain;https://commons.wikimedia.org/wiki/File:Zusatzzeichen_1000-31_-_beide_Richtungen,_zwei_gegengerichtete_senkrechte_Pfeile,_StVO_1992.svg
Zusatzzeichen 1000-32.png;Public domain;https://commons.wikimedia.org/wiki/File:Zusatzzeichen_1000-32_-_Radfahrer_kreuzen_von_rechts_und_links,_StVO_1997.svg
Zusatzzeichen 1000-32 - Radfahrer kreuzen von rechts und links, StVO 1997.png;Public domain;https://commons.wikimedia.org/wiki/File:Zusatzzeichen_1000-32_-_Radfahrer_kreuzen_von_rechts_und_links,_StVO_1997.svg
Zusatzzeichen 1000-33 - Radverkehr im Gegenverkehr, StVO 1997.png;Public domain;https://commons.wikimedia.org/wiki/File:Zusatzzeichen_1000-33_-_Radverkehr_im_Gegenverkehr,_StVO_1997.svg
Zusatzzeichen 1000-34 - Richtungsangaben durch Pfeile, Umleitungsbeschilderung Halbkreis, StVO 2017.png;Public domain;https://commons.wikimedia.org/wiki/File:Zusatzzeichen_1000-34_-_Richtungsangaben_durch_Pfeile,_Umleitungsbeschilderung_Halbkreis,_StVO_2017.svg
Zusatzzeichen 1001-30 - auf ... m, StVO 1992.png;Public domain;https://commons.wikimedia.org/wiki/File:Zusatzzeichen_1001-30_-_auf_..._m,_StVO_1992.svg
Zusatzzeichen 1001-31 - auf ... km (600x330), StVO 1992.png;Public domain;https://commons.wikimedia.org/wiki/File:Zusatzzeichen_1001-31_-_auf_..._km_(600x330),_StVO_1992.svg
Zusatzzeichen 1001-32 - noch ... m, StVO 2017.png;Public domain;https://commons.wikimedia.org/wiki/File:Zusatzzeichen_1001-32_-_noch_..._m,_StVO_2017.svg
Zusatzzeichen 1001-33 - noch ... km, StVO 2017.png;Public domain;https://commons.wikimedia.org/wiki/File:Zusatzzeichen_1001-33_-_noch_..._km,_StVO_2017.svg
Zusatzzeichen 1001-34 - auf ... m (500x1250), StVO 2017.png;Public domain;https://commons.wikimedia.org/wiki/File:Zusatzzeichen_1001-34_-_auf_..._m_(500x1250),_StVO_2017.svg
Zusatzzeichen 1001-35 - auf ... km (500x1250), StVO 2017.png;Public domain;https://commons.wikimedia.org/wiki/File:Zusatzzeichen_1001-35_-_auf_..._km_(500x1250),_StVO_2017.svg
Zusatzzeichen 1002-10 - Verlauf der Vorfahrtsstraße an Kreuzungen (von unten nach links), StVO 1992.png;Public domain;https://commons.wikimedia.org/wiki/File:Zusatzzeichen_1002-10_-_Verlauf_der_Vorfahrtsstra%C3%9Fe_an_Kreuzungen_(von_unten_nach_links),_StVO_1992.svg
Zusatzzeichen 1002-11 - Verlauf der Vorfahrtsstraße an Kreuzungen (von oben nach links), StVO 1992.png;Public domain;https://commons.wikimedia.org/wiki/File:Zusatzzeichen_1002-11_-_Verlauf_der_Vorfahrtsstra%C3%9Fe_an_Kreuzungen_(von_oben_nach_links),_StVO_1992.svg
Zusatzzeichen 1002-12 - Verlauf der Vorfahrtsstraße an Einmündungen (von unten nach links, Fall 1), StVO 1992.png;Public domain;https://commons.wikimedia.org/wiki/File:Zusatzzeichen_1002-12_-_Verlauf_der_Vorfahrtsstra%C3%9Fe_an_Einm%C3%BCndungen_(von_unten_nach_links,_Fall_1),_StVO_1992.svg
Zusatzzeichen 1002-13 - Verlauf der Vorfahrtsstraße an Einmündungen (von unten nach links, Fall 2), StVO 1992.png;Public domain;https://commons.wikimedia.org/wiki/File:Zusatzzeichen_1002-13_-_Verlauf_der_Vorfahrtsstra%C3%9Fe_an_Einm%C3%BCndungen_(von_unten_nach_links,_Fall_2),_StVO_1992.svg
Zusatzzeichen 1002-14.png;Public domain;https://commons.wikimedia.org/wiki/File:Zusatzzeichen_1002-14.svg
Zusatzzeichen 1002-20 - Verlauf der Vorfahrtsstraße an Kreuzungen (von unten nach rechts), StVO 1992.png;Public domain;https://commons.wikimedia.org/wiki/File:Zusatzzeichen_1002-20_-_Verlauf_der_Vorfahrtsstra%C3%9Fe_an_Kreuzungen_(von_unten_nach_rechts),_StVO_1992.svg
Zusatzzeichen 1002-21 - Verlauf der Vorfahrtsstraße an Kreuzungen (von oben nach rechts), StVO 1992.png;Public domain;https://commons.wikimedia.org/wiki/File:Zusatzzeichen_1002-21_-_Verlauf_der_Vorfahrtsstra%C3%9Fe_an_Kreuzungen_(von_oben_nach_rechts),_StVO_1992.svg
Zusatzzeichen 1002-22 - Verlauf der Vorfahrtsstraße an Einmündungen (von unten nach rechts, Fall 1), StVO 1992.png;Public domain;https://commons.wikimedia.org/wiki/File:Zusatzzeichen_1002-22_-_Verlauf_der_Vorfahrtsstra%C3%9Fe_an_Einm%C3%BCndungen_(von_unten_nach_rechts,_Fall_1),_StVO_1992.svg
Zusatzzeichen 1002-23 - Verlauf der Vorfahrtsstraße an Einmündungen (von unten nach rechts, Fall 2), StVO 1992.png;Public domain;https://commons.wikimedia.org/wiki/File:Zusatzzeichen_1002-23_-_Verlauf_der_Vorfahrtsstra%C3%9Fe_an_Einm%C3%BCndungen_(von_unten_nach_rechts,_Fall_2),_StVO_1992.svg
Zusatzzeichen 1002-24 - Verlauf der Vorfahrtsstraße an Einmündungen (von oben nach rechts), StVO 1992.png;Public domain;https://commons.wikimedia.org/wiki/File:Zusatzzeichen_1002-24_-_Verlauf_der_Vorfahrtsstra%C3%9Fe_an_Einm%C3%BCndungen_(von_oben_nach_rechts),_StVO_1992.svg
Zusatzzeichen 1004-30 - nach 100 m, StVO 1992.png;Public domain;https://commons.wikimedia.org/wiki/File:Zusatzzeichen_1004-30_-_nach_100_m,_StVO_1992.svg
Zusatzzeichen 1004-31 - in ... km, StVO 2017.png;Public domain;https://commons.wikimedia.org/wiki/File:Zusatzzeichen_1004-31_-_in_..._km,_StVO_2017.svg
Zusatzzeichen 1004-32 - Stop in 100 m, StVO 2017.png;Public domain;https://commons.wikimedia.org/wiki/File:Zusatzzeichen_1004-32_-_Stop_in_100_m,_StVO_2017.svg
Zusatzzeichen 1005-30 - Reißverschluss erst in ... m, StVO 2001.png;Public domain;https://commons.wikimedia.org/wiki/File:Zusatzzeichen_1005-30_-_Rei%C3%9Fverschluss_erst_in_..._m,_StVO_2001.svg
Zusatzzeichen 1006-30 - Schleudergefahr für Wohnwagengespanne an Gefällestrecken mit starkem Seitenwind auf Autobahnen, .png;Public domain;https://commons.wikimedia.org/wiki/File:Zusatzzeichen_1006-30_-_Schleudergefahr_f%C3%BCr_Wohnwagengespanne_an_Gef%C3%A4llestrecken_mit_starkem_Seitenwind_auf_Autobahnen,_StVO_2017.svg
Zusatzzeichen 1006-31 - Unfallgefahr, StVO 2017.png;Public domain;https://commons.wikimedia.org/wiki/File:Zusatzzeichen_1006-31_-_Unfallgefahr,_StVO_2017.svg
Zusatzzeichen 1006-38 - Staugefahr (600x330), StVO 1992.png;Public domain;https://commons.wikimedia.org/wiki/File:Zusatzzeichen_1006-38_-_Staugefahr_(600x330),_StVO_1992.svg
Zusatzzeichen 1006-39 - Eingeschränktes Lichtraumprofil durch Bäume (600x600), StVO 1992.png;Public domain;https://commons.wikimedia.org/wiki/File:Zusatzzeichen_1006-39_-_Eingeschr%C3%A4nktes_Lichtraumprofil_durch_B%C3%A4ume_(600x600),_StVO_1992.svg
Zusatzzeichen 1007-30 - Gefahr unerwarteter Glatteisbildung, StVO 1992.png;Public domain;https://commons.wikimedia.org/wiki/File:Zusatzzeichen_1007-30_-_Gefahr_unerwarteter_Glatteisbildung,_StVO_1992.svg
Zusatzzeichen 1007-30 - Ölspur, StVO 2017.png;Public domain;https://commons.wikimedia.org/wiki/File:Zusatzzeichen_1007-30_-_%C3%96lspur,_StVO_2017.svg
Zusatzzeichen 1007-31 - Rauch, StVO 2017.png;Public domain;https://commons.wikimedia.org/wiki/File:Zusatzzeichen_1007-31_-_Rauch,_StVO_2017.svg
Zusatzzeichen 1007-32 - Rollsplitt, StVO 2017.png;Public domain;https://commons.wikimedia.org/wiki/File:Zusatzzeichen_1007-32_-_Rollsplitt,_StVO_2017.svg
Zusatzzeichen 1007-33 - Baustellenausfahrt, StVO 2017.png;Public domain;https://commons.wikimedia.org/wiki/File:Zusatzzeichen_1007-33_-_Baustellenausfahrt,_StVO_2017.svg
Zusatzzeichen 1007-34 - Straßenschäden, StVO 2017.png;Public domain;https://commons.wikimedia.org/wiki/File:Zusatzzeichen_1007-34_-_Stra%C3%9Fensch%C3%A4den,_StVO_2017.svg
Zusatzzeichen 1007-35 - Verschmutzte Fahrbahn, StVO 2017.png;Public domain;https://commons.wikimedia.org/wiki/File:Zusatzzeichen_1007-35_-_Verschmutzte_Fahrbahn,_StVO_2017.svg
Zusatzzeichen 1007-36 - Sprengarbeiten (600x330), StVO 2017.png;Public domain;https://commons.wikimedia.org/wiki/File:Zusatzzeichen_1007-36_-_Sprengarbeiten_(600x330),_StVO_2017.svg
Zusatzzeichen 1007-37 - Ausfahrt, StVO 2017.png;Public domain;https://commons.wikimedia.org/wiki/File:Zusatzzeichen_1007-37_-_Ausfahrt,_StVO_2017.svg
Zusatzzeichen 1007-38 - Baustellenverkehr (600x330), StVO 2017.png;Public domain;https://commons.wikimedia.org/wiki/File:Zusatzzeichen_1007-38_-_Baustellenverkehr_(600x330),_StVO_2017.svg
Zusatzzeichen 1007-39 - fehlende Fahrbahnmarkierung (600x450), StVO 2017.png;Public domain;https://commons.wikimedia.org/wiki/File:Zusatzzeichen_1007-39_-_fehlende_Fahrbahnmarkierung_(600x450),_StVO_2017.svg
Zusatzzeichen 1007-50 - Unfall, StVO 2017.png;Public domain;https://commons.wikimedia.org/wiki/File:Zusatzzeichen_1007-50_-_Unfall,_StVO_2017.svg
Zusatzzeichen 1007-51 - Hochwasser (600x330), StVO 2017.png;Public domain;https://commons.wikimedia.org/wiki/File:Zusatzzeichen_1007-51_-_Hochwasser_(600x330),_StVO_2017.svg
Zusatzzeichen 1007-52 - neuer Fahrbahnbelag (600x450), StVO 2017.png;Public domain;https://commons.wikimedia.org/wiki/File:Zusatzzeichen_1007-52_-_neuer_Fahrbahnbelag_(600x450),_StVO_2017.svg
Zusatzzeichen 1007-53 - Spurrinnen (600x330), StVO 2017.png;Public domain;https://commons.wikimedia.org/wiki/File:Zusatzzeichen_1007-53_-_Spurrinnen_(600x330),_StVO_2017.svg
Zusatzzeichen 1007-54 - Linksabbieger (600x330), StVO 2017.png;Public domain;https://commons.wikimedia.org/wiki/File:Zusatzzeichen_1007-54_-_Linksabbieger_(600x330),_StVO_2017.svg
Zusatzzeichen 1007-55 - Skiabfahrt kreuzt (600x330), StVO 2017.png;Public domain;https://commons.wikimedia.org/wiki/File:Zusatzzeichen_1007-55_-_Skiabfahrt_kreuzt_(600x330),_StVO_2017.svg
Zusatzzeichen 1007-56 - Skiwanderweg kreuzt (600x330), StVO 2017.png;Public domain;https://commons.wikimedia.org/wiki/File:Zusatzzeichen_1007-56_-_Skiwanderweg_kreuzt_(600x330),_StVO_2017.svg
Zusatzzeichen 1007-57 - Kuppe, StVO 2017.png;Public domain;https://commons.wikimedia.org/wiki/File:Zusatzzeichen_1007-57_-_Kuppe,_StVO_2017.svg
Zusatzzeichen 1007-58 - Polizeikontrolle, StVO 2017.png;Public domain;https://commons.wikimedia.org/wiki/File:Zusatzzeichen_1007-58_-_Polizeikontrolle,_StVO_2017.svg
Zusatzzeichen 1007-59 - Ende Seitenstreifen in 200 m (600x450), StVO 2017.png;Public domain;https://commons.wikimedia.org/wiki/File:Zusatzzeichen_1007-59_-_Ende_Seitenstreifen_in_200_m_(600x450),_StVO_2017.svg
Zusatzzeichen 1007-60 - Seitenstreifen nicht befahrbar (600x450), StVO 2017.png;Public domain;https://commons.wikimedia.org/wiki/File:Zusatzzeichen_1007-60_-_Seitenstreifen_nicht_befahrbar_(600x450),_StVO_2017.svg
Zusatzzeichen 1007-61 - Nebel, StVO 2017.png;Public domain;https://commons.wikimedia.org/wiki/File:Zusatzzeichen_1007-61_-_Nebel,_StVO_2017.svg
Zusatzzeichen 1007-62 - Zufahrt, StVO 2017.png;Public domain;https://commons.wikimedia.org/wiki/File:Zusatzzeichen_1007-62_-_Zufahrt,_StVO_2017.svg
Zusatzzeichen 1008-30 - Vorfahrt geändert (600x330), StVO 1992.png;Public domain;https://commons.wikimedia.org/wiki/File:Zusatzzeichen_1008-30_-_Vorfahrt_ge%C3%A4ndert_(600x330),_StVO_1992.svg
Zusatzzeichen 1008-31 - Verkehrsführung geändert, StVO 1992.png;Public domain;https://commons.wikimedia.org/wiki/File:Zusatzzeichen_1008-31_-_Verkehrsf%C3%BChrung_ge%C3%A4ndert,_StVO_1992.svg
Zusatzzeichen 1008-32 - Industriegebiet - Vorrang für Schienenfahrzeuge, StVO 1992.png;Public domain;https://commons.wikimedia.org/wiki/File:Zusatzzeichen_1008-32_-_Industriegebiet_-_Vorrang_f%C3%BCr_Schienenfahrzeuge,_StVO_1992.svg
Zusatzzeichen 1008-33 - Hafengebiet Schienenfahrzeuge haben Vorrang (600x450), StVO 1992.png;Public domain;https://commons.wikimedia.org/wiki/File:Zusatzzeichen_1008-33_-_Hafengebiet_Schienenfahrzeuge_haben_Vorrang_(600x450),_StVO_1992.svg
Zusatzzeichen 1010-10 - erlaubt Kindern, auch auf der Fahrbahn und dem Seitenstreifen zu spielen, StVO 1992.png;Public domain;https://commons.wikimedia.org/wiki/File:Zusatzzeichen_1010-10_-_erlaubt_Kindern,_auch_auf_der_Fahrbahn_und_dem_Seitenstreifen_zu_spielen,_StVO_1992.svg
Zusatzzeichen 1010-11 - Wintersport erlaubt (600x330), StVO 1992.png;Public domain;https://commons.wikimedia.org/wiki/File:Zusatzzeichen_1010-11_-_Wintersport_erlaubt_(600x330),_StVO_1992.svg
Zusatzzeichen 1010-12 - Kennzeichnung von Parkflächen, auf denen Anhänger auch länger als 14 Tage parken dürfen, StVO 19.png;Public domain;https://commons.wikimedia.org/wiki/File:Zusatzzeichen_1010-12_-_Kennzeichnung_von_Parkfl%C3%A4chen,_auf_denen_Anh%C3%A4nger_auch_l%C3%A4nger_als_14_Tage_parken_d%C3%BCrfen,_StVO_1992.svg
Zusatzzeichen 1010-13 - Kennzeichnung von Parkflächen, auf denen Wohnwagen auch länger als 14 Tage parken dürfen (600x33.png;Public domain;https://commons.wikimedia.org/wiki/File:Zusatzzeichen_1010-13_-_Kennzeichnung_von_Parkfl%C3%A4chen,_auf_denen_Wohnwagen_auch_l%C3%A4nger_als_14_Tage_parken_d%C3%BCrfen_(600x330),_StVO_1992.svg
Zusatzzeichen 1010-14 - Information „Rollende Landstraße” (420x231), StVO 1992.png;Public domain;https://commons.wikimedia.org/wiki/File:Zusatzzeichen_1010-14_-_Information_%E2%80%9ERollende_Landstra%C3%9Fe%E2%80%9D_(420x231),_StVO_1992.svg
Zusatzzeichen 1010-15 - Information Leistungsumfang (zu Zeichen 448.1), StVO 2017.png;Public domain;https://commons.wikimedia.org/wiki/File:Zusatzzeichen_1010-15_-_Information_Leistungsumfang_(zu_Zeichen_448.1),_StVO_2017.svg
Zusatzzeichen 1010-50 - Kraftwagen und sonstige mehrspurige Fahrzeuge (600x330), StVO 2017.png;Public domain;https://commons.wikimedia.org/wiki/File:Zusatzzeichen_1010-50_-_Kraftwagen_und_sonstige_mehrspurige_Fahrzeuge_(600x330),_StVO_2017.svg
Zusatzzeichen 1010-51 - Kraftfahrzeuge mit einer zulässigen Gesamtmasse über 3,5 t einschließlich ihrer Anhänger und Zug.png;Public domain;https://commons.wikimedia.org/wiki/File:Zusatzzeichen_1010-51_-_Kraftfahrzeuge_mit_einer_zul%C3%A4ssigen_Gesamtmasse_%C3%BCber_3,5_t_einschlie%C3%9Flich_ihrer_Anh%C3%A4nger_und_Zugmaschinen,_ausgenommen_Personenkraftwagen_und_Kraftomnibusse,_StVO_2017.svg
Zusatzzeichen 1010-52 - Radverkehr (600x330), StVO 2017.png;Public domain;https://commons.wikimedia.org/wiki/File:Zusatzzeichen_1010-52_-_Radverkehr_(600x330),_StVO_2017.svg
Zusatzzeichen 1010-53 - Fußgänger (600x330), StVO 2017.png;Public domain;https://commons.wikimedia.org/wiki/File:Zusatzzeichen_1010-53_-_Fu%C3%9Fg%C3%A4nger_(600x330),_StVO_2017.svg
Zusatzzeichen 1010-54 - Reiter (600x330), StVO 2017.png;Public domain;https://commons.wikimedia.org/wiki/File:Zusatzzeichen_1010-54_-_Reiter_(600x330),_StVO_2017.svg
Zusatzzeichen 1010-55 - Viehtrieb (600x330), StVO 2017.png;Public domain;https://commons.wikimedia.org/wiki/File:Zusatzzeichen_1010-55_-_Viehtrieb_(600x330),_StVO_2017.svg
Zusatzzeichen 1010-56 - Straßenbahn, StVO 2017.png;Public domain;https://commons.wikimedia.org/wiki/File:Zusatzzeichen_1010-56_-_Stra%C3%9Fenbahn,_StVO_2017.svg
Zusatzzeichen 1010-57 - Kraftomnibus, StVO 2017.png;Public domain;https://commons.wikimedia.org/wiki/File:Zusatzzeichen_1010-57_-_Kraftomnibus,_StVO_2017.svg
Zusatzzeichen 1010-58 - Personenkraftwagen (600x330), StVO 2017.png;Public domain;https://commons.wikimedia.org/wiki/File:Zusatzzeichen_1010-58_-_Personenkraftwagen_(600x330),_StVO_2017.svg
Zusatzzeichen 1010-59 - Personenkraftwagen mit Anhänger, StVO 2017.png;Public domain;https://commons.wikimedia.org/wiki/File:Zusatzzeichen_1010-59_-_Personenkraftwagen_mit_Anh%C3%A4nger,_StVO_2017.svg
Zusatzzeichen 1010-60 - Lastkraftwagen mit Anhänger (600x330), StVO 2017.png;Public domain;https://commons.wikimedia.org/wiki/File:Zusatzzeichen_1010-60_-_Lastkraftwagen_mit_Anh%C3%A4nger_(600x330),_StVO_2017.svg
Zusatzzeichen 1010-61 - Kraftfahrzeuge und Züge, die nicht schneller als 25 km-h fahren können oder dürfen (600x330), St.png;Public domain;https://commons.wikimedia.org/wiki/File:Zusatzzeichen_1010-61_-_Kraftfahrzeuge_und_Z%C3%BCge,_die_nicht_schneller_als_25_km-h_fahren_k%C3%B6nnen_oder_d%C3%BCrfen_(600x330),_StVO_2017.svg
Zusatzzeichen 1010-62 - Krafträder, auch mit Beiwagen, Kleinkrafträder und Mofas (600x330), StVO 2017.png;Public domain;https://commons.wikimedia.org/wiki/File:Zusatzzeichen_1010-62_-_Kraftr%C3%A4der,_auch_mit_Beiwagen,_Kleinkraftr%C3%A4der_und_Mofas_(600x330),_StVO_2017.svg
Zusatzzeichen 1010-63 - Mofas (600x330), StVO 2017.png;Public domain;https://commons.wikimedia.org/wiki/File:Zusatzzeichen_1010-63_-_Mofas_(600x330),_StVO_2017.svg
Zusatzzeichen 1010-64 - Gespannfuhrwerk (600x330), StVO 2017.png;Public domain;https://commons.wikimedia.org/wiki/File:Zusatzzeichen_1010-64_-_Gespannfuhrwerk_(600x330),_StVO_2017.svg
Zusatzzeichen 1010-65 - E-Bikes, StVO 2017.png;Public domain;https://commons.wikimedia.org/wiki/File:Zusatzzeichen_1010-65_-_E-Bikes,_StVO_2017.svg
Zusatzzeichen 1010-66 - elektrisch betriebene Fahrzeuge, StVO 2015.png;Public domain;https://commons.wikimedia.org/wiki/File:Zusatzzeichen_1010-66_-_elektrisch_betriebene_Fahrzeuge,_StVO_2015.svg
Zusatzzeichen 1010-67 - Wohnmobile (600x330), StVO 2017.png;Public domain;https://commons.wikimedia.org/wiki/File:Zusatzzeichen_1010-67_-_Wohnmobile_(600x330),_StVO_2017.svg
Zusatzzeichen 1010-68 - Elektrokleinstfahrzeuge im Sinne der Elektrokleinstfahrzeuge-Verordnung (eKFV), (450x600), StVO .png;Public domain;https://commons.wikimedia.org/wiki/File:Zusatzzeichen_1010-68_-_Elektrokleinstfahrzeuge_im_Sinne_der_Elektrokleinstfahrzeuge-Verordnung_(eKFV),_(450x600),_StVO_2020.svg
Zusatzzeichen 1010-69 - Fahrrad zum Transport von Gütern oder Personen - Lastenfahrrad (330x600), StVO 2020.png;Public domain;https://commons.wikimedia.org/wiki/File:Zusatzzeichen_1010-69_-_Fahrrad_zum_Transport_von_G%C3%BCtern_oder_Personen_-_Lastenfahrrad_(330x600),_StVO_2020.svg
"Zusatzzeichen 1010-70 - Carsharing; StVO 2020.png";Public domain;"https://commons.wikimedia.org/wiki/File:Zusatzzeichen_1010-70_-_Carsharing;_StVO_2020.svg"
Zusatzzeichen 1010-71 - Mehrfachbesetzte Personenkraftwagen (330x600), StVO 2020.png;Public domain;https://commons.wikimedia.org/wiki/File:Zusatzzeichen_1010-71_-_Mehrfachbesetzte_Personenkraftwagen_(330x600),_StVO_2020.svg
Zusatzzeichen 1010-72 - Krafträder, auch mit Beiwagen, Kleinkrafträder und Mofas und Kraftwagen und sonstige mehrspurige.png;Public domain;"https://commons.wikimedia.org/wiki/File:Zusatzzeichen_1010-72_-_Kraftr%C3%A4der,_auch_mit_Beiwagen,_Kleinkraftr%C3%A4der_und_Mofas_und_Kraftwagen_und_sonstige_mehrspurige_Fahrzeuge;_StVO_2021.svg"
Zusatzzeichen 1012-30 - Anfang, StVO 1992.png;Public domain;https://commons.wikimedia.org/wiki/File:Zusatzzeichen_1012-30_-_Anfang,_StVO_1992.svg
Zusatzzeichen 1012-30 - Ladezone (600x330), StVO 2017.png;Public domain;https://commons.wikimedia.org/wiki/File:Zusatzzeichen_1012-30_-_Ladezone_(600x330),_StVO_2017.svg
Zusatzzeichen 1012-31 - Ende (600x330), StVO 1992.png;Public domain;https://commons.wikimedia.org/wiki/File:Zusatzzeichen_1012-31_-_Ende_(600x330),_StVO_1992.svg
Zusatzzeichen 1012-32 - Radfahrer absteigen (420x231), StVO 1992.png;Public domain;https://commons.wikimedia.org/wiki/File:Zusatzzeichen_1012-32_-_Radfahrer_absteigen_(420x231),_StVO_1992.svg
Zusatzzeichen 1012-33 - keine Mofas (330x600), StVO 1992.png;Public domain;https://commons.wikimedia.org/wiki/File:Zusatzzeichen_1012-33_-_keine_Mofas_(330x600),_StVO_1992.svg
Zusatzzeichen 1012-34 - Grüne Welle bei ... km-h (330x600), StVO 1992.png;Public domain;https://commons.wikimedia.org/wiki/File:Zusatzzeichen_1012-34_-_Gr%C3%BCne_Welle_bei_..._km-h_(330x600),_StVO_1992.svg
Zusatzzeichen 1012-35 - bei Rot hier halten (330x600), StVO 1992.png;Public domain;https://commons.wikimedia.org/wiki/File:Zusatzzeichen_1012-35_-_bei_Rot_hier_halten_(330x600),_StVO_1992.svg
Zusatzzeichen 1012-36 - Lärmschutz (600x330), StVO 2017.png;Public domain;https://commons.wikimedia.org/wiki/File:Zusatzzeichen_1012-36_-_L%C3%A4rmschutz_(600x330),_StVO_2017.svg
Zusatzzeichen 1012-37 - Zuflussregelung (600x330), StVO 2017.png;Public domain;https://commons.wikimedia.org/wiki/File:Zusatzzeichen_1012-37_-_Zuflussregelung_(600x330),_StVO_2017.svg
Zusatzzeichen 1012-38 - Nebenstrecke, StVO 2017.png;Public domain;https://commons.wikimedia.org/wiki/File:Zusatzzeichen_1012-38_-_Nebenstrecke,_StVO_2017.svg
Zusatzzeichen 1012-50 - Schule (600x330), StVO 2017.png;Public domain;https://commons.wikimedia.org/wiki/File:Zusatzzeichen_1012-50_-_Schule_(600x330),_StVO_2017.svg
Zusatzzeichen 1012-51 - Kindergarten (600x330), StVO 2017.png;Public domain;https://commons.wikimedia.org/wiki/File:Zusatzzeichen_1012-51_-_Kindergarten_(600x330),_StVO_2017.svg
Zusatzzeichen 1012-52 - Altenheim (600x330), StVO 2017.png;Public domain;https://commons.wikimedia.org/wiki/File:Zusatzzeichen_1012-52_-_Altenheim_(600x330),_StVO_2017.svg
Zusatzzeichen 1012-53 - Krankenhaus (600x330), StVO 2017.png;Public domain;https://commons.wikimedia.org/wiki/File:Zusatzzeichen_1012-53_-_Krankenhaus_(600x330),_StVO_2017.svg
Zusatzzeichen 1012-54 - Seniorenheim (600x330), StVO 2021.png;Public domain;https://commons.wikimedia.org/wiki/File:Zusatzzeichen_1012-54_-_Seniorenheim_(600x330),_StVO_2021.svg
Zusatzzeichen 1013-50 - Seitenstreifen befahren, StVO 2001.png;Public domain;https://commons.wikimedia.org/wiki/File:Zusatzzeichen_1013-50_-_Seitenstreifen_befahren,_StVO_2001.svg
Zusatzzeichen 1013-51 - Seitenstreifen räumen, StVO 2001.png;Public domain;https://commons.wikimedia.org/wiki/File:Zusatzzeichen_1013-51_-_Seitenstreifen_r%C3%A4umen,_StVO_2001.svg
Zusatzzeichen 1013-52 - Ende in ... m, StVO 2017.png;Public domain;https://commons.wikimedia.org/wiki/File:Zusatzzeichen_1013-52_-_Ende_in_..._m,_StVO_2017.svg
Zusatzzeichen 1014-50 - Tunnelkategorie gemäß ADR-Übereinkommen (B), StVO 2007.png;Public domain;https://commons.wikimedia.org/wiki/File:Zusatzzeichen_1014-50_-_Tunnelkategorie_gem%C3%A4%C3%9F_ADR-%C3%9Cbereinkommen_(B),_StVO_2007.svg
Zusatzzeichen 1014-51 - Tunnelkategorie gemäß ADR-Übereinkommen (C), StVO 2007.png;Public domain;https://commons.wikimedia.org/wiki/File:Zusatzzeichen_1014-51_-_Tunnelkategorie_gem%C3%A4%C3%9F_ADR-%C3%9Cbereinkommen_(C),_StVO_2007.svg
Zusatzzeichen 1014-52.png;Public domain;https://commons.wikimedia.org/wiki/File:Zusatzzeichen_1014-52_-_Tunnelkategorie_gem%C3%A4%C3%9F_ADR-%C3%9Cbereinkommen_(D),_StVO_2007.svg
Zusatzzeichen 1014-52 - Tunnelkategorie gemäß ADR-Übereinkommen (D), StVO 2007.png;Public domain;https://commons.wikimedia.org/wiki/File:Zusatzzeichen_1014-52_-_Tunnelkategorie_gem%C3%A4%C3%9F_ADR-%C3%9Cbereinkommen_(D),_StVO_2007.svg
Zusatzzeichen 1014-53.png;Public domain;https://commons.wikimedia.org/wiki/File:Zusatzzeichen_1014-53_-_Tunnelkategorie_gem%C3%A4%C3%9F_ADR-%C3%9Cbereinkommen_(E),_StVO_2007.svg
Zusatzzeichen 1014-53 - Tunnelkategorie gemäß ADR-Übereinkommen (E), StVO 2007.png;Public domain;https://commons.wikimedia.org/wiki/File:Zusatzzeichen_1014-53_-_Tunnelkategorie_gem%C3%A4%C3%9F_ADR-%C3%9Cbereinkommen_(E),_StVO_2007.svg
Zusatzzeichen 1020-11 - Schwerbehinderte mit Parkausweis Nr. ... frei, StVO 1992.png;Public domain;https://commons.wikimedia.org/wiki/File:Zusatzzeichen_1020-11_-_Schwerbehinderte_mit_Parkausweis_Nr._..._frei,_StVO_1992.svg
Zusatzzeichen 1020-12 - Radfahrer und Anlieger frei (450x600), StVO 1992.png;Public domain;https://commons.wikimedia.org/wiki/File:Zusatzzeichen_1020-12_-_Radfahrer_und_Anlieger_frei_(450x600),_StVO_1992.svg
Zusatzzeichen 1020-13 - Inline-Skaten und Rollschuhfahren frei, StVO 2009.png;Public domain;https://commons.wikimedia.org/wiki/File:Zusatzzeichen_1020-13_-_Inline-Skaten_und_Rollschuhfahren_frei,_StVO_2009.svg
Zusatzzeichen 1020-14 - Wintersport frei (600x330), StVO 2017.png;Public domain;https://commons.wikimedia.org/wiki/File:Zusatzzeichen_1020-14_-_Wintersport_frei_(600x330),_StVO_2017.svg
Zusatzzeichen 1020-30 - Anlieger frei (600x330), StVO 1992.png;Public domain;https://commons.wikimedia.org/wiki/File:Zusatzzeichen_1020-30_-_Anlieger_frei_(600x330),_StVO_1992.svg
Zusatzzeichen 1020-31 - Anlieger oder Parken frei (600x450), StVO 1992.png;Public domain;https://commons.wikimedia.org/wiki/File:Zusatzzeichen_1020-31_-_Anlieger_oder_Parken_frei_(600x450),_StVO_1992.svg
Zusatzzeichen 1020-32 - Bewohner mit Parkausweis Nr. ... frei, StVO 2002.png;Public domain;https://commons.wikimedia.org/wiki/File:Zusatzzeichen_1020-32_-_Bewohner_mit_Parkausweis_Nr._..._frei,_StVO_2002.svg
Zusatzzeichen 1022-10 - Radfahrer frei, StVO 1992.png;Public domain;https://commons.wikimedia.org/wiki/File:Zusatzzeichen_1022-10_-_Radfahrer_frei,_StVO_1992.svg
Zusatzzeichen 1022-11 - Mofas frei (600x450), StVO 1992.png;Public domain;https://commons.wikimedia.org/wiki/File:Zusatzzeichen_1022-11_-_Mofas_frei_(600x450),_StVO_1992.svg
Zusatzzeichen 1022-12 - Krafträder auch mit Beiwagen, Kleinkrafträder und Mofas frei (600x450), StVO 1992.png;Public domain;https://commons.wikimedia.org/wiki/File:Zusatzzeichen_1022-12_-_Kraftr%C3%A4der_auch_mit_Beiwagen,_Kleinkraftr%C3%A4der_und_Mofas_frei_(600x450),_StVO_1992.svg
Zusatzzeichen 1022-13 - E-Bikes frei (450x600), StVO 2017.png;Public domain;https://commons.wikimedia.org/wiki/File:Zusatzzeichen_1022-13_-_E-Bikes_frei_(450x600),_StVO_2017.svg
Zusatzzeichen 1022-14 - Radverkehr und Mofas frei (600x600), StVO 2017.png;Public domain;https://commons.wikimedia.org/wiki/File:Zusatzzeichen_1022-14_-_Radverkehr_und_Mofas_frei_(600x600),_StVO_2017.svg
Zusatzzeichen 1022-15 - E-Bikes und Mofas frei (600x600), StVO 2017.png;Public domain;https://commons.wikimedia.org/wiki/File:Zusatzzeichen_1022-15_-_E-Bikes_und_Mofas_frei_(600x600),_StVO_2017.svg
Zusatzzeichen 1022-16 - Elektrokleinstfahrzeuge frei (600x600), StVO 2019.png;Public domain;https://commons.wikimedia.org/wiki/File:Zusatzzeichen_1022-16_-_Elektrokleinstfahrzeuge_frei_(600x600),_StVO_2019.svg
Zusatzzeichen 1022-17 „Fahrrad zum Transport von Gütern oder Personen - Lastenfahrrad“ frei.png;Public domain;https://commons.wikimedia.org/wiki/File:Zusatzzeichen_1022-17_%E2%80%9EFahrrad_zum_Transport_von_G%C3%BCtern_oder_Personen_-_Lastenfahrrad%E2%80%9C_frei.svg
Zusatzzeichen 1024-10 - Personenkraftwagen frei, StVO 1992.png;Public domain;https://commons.wikimedia.org/wiki/File:Zusatzzeichen_1024-10_-_Personenkraftwagen_frei,_StVO_1992.svg
Zusatzzeichen 1024-11 - PKW mit Anhänger frei, StVO 1992.png;Public domain;https://commons.wikimedia.org/wiki/File:Zusatzzeichen_1024-11_-_PKW_mit_Anh%C3%A4nger_frei,_StVO_1992.svg
Zusatzzeichen 1024-12 - Kraftfahrzeuge mit einem zulässigen Gesamtgewicht über 3,5 t, einschließlich ihrer Anhänger und .png;Public domain;https://commons.wikimedia.org/wiki/File:Zusatzzeichen_1024-12_-_Kraftfahrzeuge_mit_einem_zul%C3%A4ssigen_Gesamtgewicht_%C3%BCber_3,5_t,_einschlie%C3%9Flich_ihrer_Anh%C3%A4nger_und_Zugmaschinen,_ausgenommen_Personenkraftwagen_und_Kraftomnibusse_frei,_StVO_1992.svg
Zusatzzeichen 1024-13 - LKW mit Anhänger frei, StVO 1992.png;Public domain;https://commons.wikimedia.org/wiki/File:Zusatzzeichen_1024-13_-_LKW_mit_Anh%C3%A4nger_frei,_StVO_1992.svg
Zusatzzeichen 1024-14 - Kraftomnibusse frei, StVO 1992.png;Public domain;https://commons.wikimedia.org/wiki/File:Zusatzzeichen_1024-14_-_Kraftomnibusse_frei,_StVO_1992.svg
Zusatzzeichen 1024-15 - Schienenbahn frei, StVO 1992.png;Public domain;https://commons.wikimedia.org/wiki/File:Zusatzzeichen_1024-15_-_Schienenbahn_frei,_StVO_1992.svg
Zusatzzeichen 1024-16 - Straßenbahn frei, StVO 1992.png;Public domain;https://commons.wikimedia.org/wiki/File:Zusatzzeichen_1024-16_-_Stra%C3%9Fenbahn_frei,_StVO_1992.svg
Zusatzzeichen 1024-17 - Kraftfahrzeuge und Züge, die nicht schneller als 25 km-h fahren können oder dürfen, frei, StVO 1.png;Public domain;https://commons.wikimedia.org/wiki/File:Zusatzzeichen_1024-17_-_Kraftfahrzeuge_und_Z%C3%BCge,_die_nicht_schneller_als_25_km-h_fahren_k%C3%B6nnen_oder_d%C3%BCrfen,_frei,_StVO_1992.svg
Zusatzzeichen 1024-18 - Gespannfuhrwerke frei (450x600), StVO 2017.png;Public domain;https://commons.wikimedia.org/wiki/File:Zusatzzeichen_1024-18_-_Gespannfuhrwerke_frei_(450x600),_StVO_2017.svg
Zusatzzeichen 1024-19 - Wohnmobile mit einer zulässigen Gesamtmasse bis 7,5 t ausgenommen (600x600), StVO 2017.png;Public domain;https://commons.wikimedia.org/wiki/File:Zusatzzeichen_1024-19_-_Wohnmobile_mit_einer_zul%C3%A4ssigen_Gesamtmasse_bis_7,5_t_ausgenommen_(600x600),_StVO_2017.svg
Zusatzzeichen 1024-20 - elektrisch betriebene Fahrzeuge frei, StVO 2015.png;Public domain;https://commons.wikimedia.org/wiki/File:Zusatzzeichen_1024-20_-_elektrisch_betriebene_Fahrzeuge_frei,_StVO_2015.svg
"Zusatzzeichen 1024-21 - Carsharingfahrzeuge frei; StVO 2020.png";Public domain;"https://commons.wikimedia.org/wiki/File:Zusatzzeichen_1024-21_-_Carsharingfahrzeuge_frei;_StVO_2020.svg"
Zusatzzeichen 1024-22 - Mehrfachbesetzte Personenkraftwagen frei, StVO 2020.png;Public domain;https://commons.wikimedia.org/wiki/File:Zusatzzeichen_1024-22_-_Mehrfachbesetzte_Personenkraftwagen_frei,_StVO_2020.svg
Zusatzzeichen 1026-30 - Taxi frei, StVO 1992.png;Public domain;https://commons.wikimedia.org/wiki/File:Zusatzzeichen_1026-30_-_Taxi_frei,_StVO_1992.svg
Zusatzzeichen 1026-31 - Kraftomnibusse im Gelegenheitsverkehrs frei (330x600), StVO 2017.png;Public domain;https://commons.wikimedia.org/wiki/File:Zusatzzeichen_1026-31_-_Kraftomnibusse_im_Gelegenheitsverkehrs_frei_(330x600),_StVO_2017.svg
Zusatzzeichen 1026-31 - Mofas frei, StVO 1992.png;Public domain;https://commons.wikimedia.org/wiki/File:Zusatzzeichen_1026-31_-_Mofas_frei,_StVO_1992.svg
Zusatzzeichen 1026-32 - Linienverkehr frei (450x600), StVO 1992.png;Public domain;https://commons.wikimedia.org/wiki/File:Zusatzzeichen_1026-32_-_Linienverkehr_frei_(450x600),_StVO_1992.svg
Zusatzzeichen 1026-33 - Einsatzfahrzeuge frei (450x600), StVO 1992.png;Public domain;https://commons.wikimedia.org/wiki/File:Zusatzzeichen_1026-33_-_Einsatzfahrzeuge_frei_(450x600),_StVO_1992.svg
Zusatzzeichen 1026-34 - Krankenfahrzeuge frei, StVO 1992.png;Public domain;https://commons.wikimedia.org/wiki/File:Zusatzzeichen_1026-34_-_Krankenfahrzeuge_frei,_StVO_1992.svg
Zusatzzeichen 1026-35 - Lieferverkehr frei, StVO 1992.png;Public domain;https://commons.wikimedia.org/wiki/File:Zusatzzeichen_1026-35_-_Lieferverkehr_frei,_StVO_1992.svg
Zusatzzeichen 1026-36 - Landwirtschaftlicher Verkehr frei (450x600), StVO 1992.png;Public domain;https://commons.wikimedia.org/wiki/File:Zusatzzeichen_1026-36_-_Landwirtschaftlicher_Verkehr_frei_(450x600),_StVO_1992.svg
Zusatzzeichen 1026-37 - Forstwirtschaftlicher Verkehr frei, StVO 1992.png;Public domain;https://commons.wikimedia.org/wiki/File:Zusatzzeichen_1026-37_-_Forstwirtschaftlicher_Verkehr_frei,_StVO_1992.svg
Zusatzzeichen 1026-38 - Land- und forstwirtschaftlicher Verkehr frei (450x600), StVO 1992.png;Public domain;https://commons.wikimedia.org/wiki/File:Zusatzzeichen_1026-38_-_Land-_und_forstwirtschaftlicher_Verkehr_frei_(450x600),_StVO_1992.svg
Zusatzzeichen 1026-39 - Betriebs- und Versorgungsdienst frei (330x600), StVO 1992.png;Public domain;https://commons.wikimedia.org/wiki/File:Zusatzzeichen_1026-39_-_Betriebs-_und_Versorgungsdienst_frei_(330x600),_StVO_1992.svg
Zusatzzeichen 1026-60 - Elektrofahrzeuge während des Ladevorgangs frei, StVO 2011.png;Public domain;https://commons.wikimedia.org/wiki/File:Zusatzzeichen_1026-60_-_Elektrofahrzeuge_w%C3%A4hrend_des_Ladevorgangs_frei,_StVO_2011.svg
Zusatzzeichen 1026-61 - Elektrofahrzeuge frei, StVO 2011.png;Public domain;https://commons.wikimedia.org/wiki/File:Zusatzzeichen_1026-61_-_Elektrofahrzeuge_frei,_StVO_2011.svg
Zusatzzeichen 1026-62 - Gülletransport frei (330x600), StVO 2017.png;Public domain;https://commons.wikimedia.org/wiki/File:Zusatzzeichen_1026-62_-_G%C3%BClletransport_frei_(330x600),_StVO_2017.svg
Zusatzzeichen 1026-63 - E-Bikes frei (330x600), StVO 2017.png;Public domain;https://commons.wikimedia.org/wiki/File:Zusatzzeichen_1026-63_-_E-Bikes_frei_(330x600),_StVO_2017.svg
Zusatzzeichen 1028-30 - Baustellenfahrzeuge frei (450x600), StVO 1992.png;Public domain;https://commons.wikimedia.org/wiki/File:Zusatzzeichen_1028-30_-_Baustellenfahrzeuge_frei_(450x600),_StVO_1992.svg
Zusatzzeichen 1028-31 - bis Baustelle frei (330x600), StVO 1992.png;Public domain;https://commons.wikimedia.org/wiki/File:Zusatzzeichen_1028-31_-_bis_Baustelle_frei_(330x600),_StVO_1992.svg
Zusatzzeichen 1028-32 - Anlieger bis Baustelle frei (330x600), StVO 1992.png;Public domain;https://commons.wikimedia.org/wiki/File:Zusatzzeichen_1028-32_-_Anlieger_bis_Baustelle_frei_(330x600),_StVO_1992.svg
Zusatzzeichen 1028-33 - Zufahrt bis ... frei (450x600), StVO 1992.png;Public domain;https://commons.wikimedia.org/wiki/File:Zusatzzeichen_1028-33_-_Zufahrt_bis_..._frei_(450x600),_StVO_1992.svg
Zusatzzeichen 1028-34 - Fährbenutzer frei (450x600), StVO 1992.png;Public domain;https://commons.wikimedia.org/wiki/File:Zusatzzeichen_1028-34_-_F%C3%A4hrbenutzer_frei_(450x600),_StVO_1992.svg
Zusatzzeichen 1030-10 - Vom Verkehrsverbot bei erhöhter Schadstoffkonzentration ausgenommene Fahrzeuge frei (420x231), S.png;Public domain;https://commons.wikimedia.org/wiki/File:Zusatzzeichen_1030-10_-_Vom_Verkehrsverbot_bei_erh%C3%B6hter_Schadstoffkonzentration_ausgenommene_Fahrzeuge_frei_(420x231),_StVO_1995.svg
Zusatzzeichen 1031-50 - Freistellung vom Verkehrsverbot nach § 40 Abs. 1 BlmSchG – rote, gelbe und grüne Plakette, StVO .png;Public domain;https://commons.wikimedia.org/wiki/File:Zusatzzeichen_1031-50_-_Freistellung_vom_Verkehrsverbot_nach_%C2%A7_40_Abs._1_BlmSchG_%E2%80%93_rote,_gelbe_und_gr%C3%BCne_Plakette,_StVO_2017.svg
Zusatzzeichen 1031-51 - Freistellung vom Verkehrsverbot nach § 40 Abs. 1 BlmSchG – gelbe und grüne Plakette, StVO 2017.png;Public domain;https://commons.wikimedia.org/wiki/File:Zusatzzeichen_1031-51_-_Freistellung_vom_Verkehrsverbot_nach_%C2%A7_40_Abs._1_BlmSchG_%E2%80%93_gelbe_und_gr%C3%BCne_Plakette,_StVO_2017.svg
Zusatzzeichen 1031-52 - Freistellung vom Verkehrsverbot nach § 40 Abs. 1 BlmSchG – grüne Plakette, StVO 2017.png;Public domain;https://commons.wikimedia.org/wiki/File:Zusatzzeichen_1031-52_-_Freistellung_vom_Verkehrsverbot_nach_%C2%A7_40_Abs._1_BlmSchG_%E2%80%93_gr%C3%BCne_Plakette,_StVO_2017.svg
Zusatzzeichen 1040-10 - Wintersport erlaubt, zeitlich beschränkt 10 - 16 h, StVO 1992.png;Public domain;https://commons.wikimedia.org/wiki/File:Zusatzzeichen_1040-10_-_Wintersport_erlaubt,_zeitlich_beschr%C3%A4nkt_10_-_16_h,_StVO_1992.svg
Zusatzzeichen 1040-30 - Zeitliche Beschränkung (16 - 18 h), 330x600, StVO 1992.png;Public domain;https://commons.wikimedia.org/wiki/File:Zusatzzeichen_1040-30_-_Zeitliche_Beschr%C3%A4nkung_(16_-_18_h),_330x600,_StVO_1992.svg
Zusatzzeichen 1040-31 - Zeitliche Beschränkung (8 - 11 h, 16 - 18 h), 330x600, StVO 1992.png;Public domain;https://commons.wikimedia.org/wiki/File:Zusatzzeichen_1040-31_-_Zeitliche_Beschr%C3%A4nkung_(8_-_11_h,_16_-_18_h),_330x600,_StVO_1992.svg
Zusatzzeichen 1040-32 - Parkscheibe 2 Stunden, StVO 1992.png;Public domain;https://commons.wikimedia.org/wiki/File:Zusatzzeichen_1040-32_-_Parkscheibe_2_Stunden,_StVO_1992.svg
Zusatzzeichen 1040-33 - Parken mit Parkscheibe in gekennzeichneten Flächen 2 Stunden, StVO 1992.png;Public domain;https://commons.wikimedia.org/wiki/File:Zusatzzeichen_1040-33_-_Parken_mit_Parkscheibe_in_gekennzeichneten_Fl%C3%A4chen_2_Stunden,_StVO_1992.svg
"Zusatzzeichen 1040-34 - Ab Zeitpunkt, 600x330; StVO 2017.png";Public domain;"https://commons.wikimedia.org/wiki/File:Zusatzzeichen_1040-34_-_Ab_Zeitpunkt,_600x330;_StVO_2017.svg"
"Zusatzzeichen 1040-35 - Lärmschutz (mit Zeitangabe), 600x330; StVO 2017.png";Public domain;"https://commons.wikimedia.org/wiki/File:Zusatzzeichen_1040-35_-_L%C3%A4rmschutz_(mit_Zeitangabe),_600x330;_StVO_2017.svg"
"Zusatzzeichen 1040-36 - Schulweg i. V. m. zeitlicher Begrenzung (zu Z 101 oder 274), 600x330; StVO 2017.png";Public domain;"https://commons.wikimedia.org/wiki/File:Zusatzzeichen_1040-36_-_Schulweg_i._V._m._zeitlicher_Begrenzung_(zu_Z_101_oder_274),_600x330;_StVO_2017.svg"
Zusatzzeichen 1042-30 - werktags (600x330), StVO 1992.png;Public domain;https://commons.wikimedia.org/wiki/File:Zusatzzeichen_1042-30_-_werktags_(600x330),_StVO_1992.svg
Zusatzzeichen 1042-31 - werktags 18 - 19 h (600x330), StVO 1992.png;Public domain;https://commons.wikimedia.org/wiki/File:Zusatzzeichen_1042-31_-_werktags_18_-_19_h_(600x330),_StVO_1992.svg
Zusatzzeichen 1042-32 - werktags 8.30 - 11.30, 16 - 18 h (600x450), StVO 1992.png;Public domain;https://commons.wikimedia.org/wiki/File:Zusatzzeichen_1042-32_-_werktags_8.30_-_11.30,_16_-_18_h_(600x450),_StVO_1992.svg
Zusatzzeichen 1042-33 - Mo - Fr, 16 - 18 h (600x330), StVO 1992.png;Public domain;https://commons.wikimedia.org/wiki/File:Zusatzzeichen_1042-33_-_Mo_-_Fr,_16_-_18_h_(600x330),_StVO_1992.svg
Zusatzzeichen 1042-34 - Di, Do, Fr, 16 - 18 h (600x330), StVO 1992.png;Public domain;https://commons.wikimedia.org/wiki/File:Zusatzzeichen_1042-34_-_Di,_Do,_Fr,_16_-_18_h_(600x330),_StVO_1992.svg
Zusatzzeichen 1042-35 - 6 - 22 h an Sonn-und Feiertagen (450x600), StVO 1992.png;Public domain;https://commons.wikimedia.org/wiki/File:Zusatzzeichen_1042-35_-_6_-_22_h_an_Sonn-und_Feiertagen_(450x600),_StVO_1992.svg
Zusatzzeichen 1042-36 - Schulbus (tageszeitliche Benutzung), 600x450, StVO 2017.png;Public domain;https://commons.wikimedia.org/wiki/File:Zusatzzeichen_1042-36_-_Schulbus_(tageszeitliche_Benutzung),_600x450,_StVO_2017.svg
"Zusatzzeichen 1042-37 - Parken Samstag und Sonntag erlaubt (600x450); StVO 1992.png";Public domain;"https://commons.wikimedia.org/wiki/File:Zusatzzeichen_1042-37_-_Parken_Samstag_und_Sonntag_erlaubt_(600x450);_StVO_1992.svg"
Zusatzzeichen 1042-38 - werktags außer samstags (600x330), StVO 2017.png;Public domain;https://commons.wikimedia.org/wiki/File:Zusatzzeichen_1042-38_-_werktags_au%C3%9Fer_samstags_(600x330),_StVO_2017.svg
Zusatzzeichen 1042-50 - Straßenreinigung (mit Zeit- und Datumsangabe), StVO 2017.png;Public domain;https://commons.wikimedia.org/wiki/File:Zusatzzeichen_1042-50_-_Stra%C3%9Fenreinigung_(mit_Zeit-_und_Datumsangabe),_StVO_2017.svg
Zusatzzeichen 1042-51 - Sa und So (600x330), StVO 2017.png;Public domain;https://commons.wikimedia.org/wiki/File:Zusatzzeichen_1042-51_-_Sa_und_So_(600x330),_StVO_2017.svg
Zusatzzeichen 1042-52 - Sa, So und an Feiertagen (450 x 600), StVO 2017.png;Public domain;https://commons.wikimedia.org/wiki/File:Zusatzzeichen_1042-52_-_Sa,_So_und_an_Feiertagen_(450_x_600),_StVO_2017.svg
"Zusatzzeichen 1042-53 - Schulweg i. V. m. zeitlicher Begrenzung an Werktagen (zu Z 101 oder 274), 600x450; StVO 2017.png";Public domain;"https://commons.wikimedia.org/wiki/File:Zusatzzeichen_1042-53_-_Schulweg_i._V._m._zeitlicher_Begrenzung_an_Werktagen_(zu_Z_101_oder_274),_600x450;_StVO_2017.svg"
Zusatzzeichen 1044-10 - nur Schwerbehinderte mit außergewöhnlicher Gehbehinderung und Blinde, StVO 1992.png;Public domain;https://commons.wikimedia.org/wiki/File:Zusatzzeichen_1044-10_-_nur_Schwerbehinderte_mit_au%C3%9Fergew%C3%B6hnlicher_Gehbehinderung_und_Blinde,_StVO_1992.svg
"Zusatzzeichen 1044-11 - nur Schwerbehinderte mit Parkausweis Nr ... (600x330); StVO 1992.png";Public domain;"https://commons.wikimedia.org/wiki/File:Zusatzzeichen_1044-11_-_nur_Schwerbehinderte_mit_Parkausweis_Nr_..._(600x330);_StVO_1992.svg"
Zusatzzeichen 1044-12 - Nur Schwerbehinderte mit außergewöhnlicher Gehbehinderung und Blinde, mit Anzahl der Parkstände,.png;Public domain;"https://commons.wikimedia.org/wiki/File:Zusatzzeichen_1044-12_-_Nur_Schwerbehinderte_mit_au%C3%9Fergew%C3%B6hnlicher_Gehbehinderung_und_Blinde,_mit_Anzahl_der_Parkst%C3%A4nde,_600x450;_StVO_2017.svg"
Zusatzzeichen 1044-30 - Bewohner mit Parkausweis Nr. .... (600x330), StVO 2002.png;Public domain;https://commons.wikimedia.org/wiki/File:Zusatzzeichen_1044-30_-_Bewohner_mit_Parkausweis_Nr._...._(600x330),_StVO_2002.svg
Zusatzzeichen 1048-14 - nur Sattelkraftfahrzeuge, StVO 1992.png;Public domain;https://commons.wikimedia.org/wiki/File:Zusatzzeichen_1048-14_-_nur_Sattelkraftfahrzeuge,_StVO_1992.svg
Zusatzzeichen 1048-15 - nur Sattelkraftfahrzeuge und Züge (450x600), StVO 1992.png;Public domain;https://commons.wikimedia.org/wiki/File:Zusatzzeichen_1048-15_-_nur_Sattelkraftfahrzeuge_und_Z%C3%BCge_(450x600),_StVO_1992.svg
Zusatzzeichen 1048-18.png;Public domain;https://commons.wikimedia.org/wiki/File:Zusatzzeichen_1048-18_-_nur_Schienenbahn_(600x450),_StVO_1992.svg
Zusatzzeichen 1048-18 - nur Schienenbahn (600x450), StVO 1992.png;Public domain;https://commons.wikimedia.org/wiki/File:Zusatzzeichen_1048-18_-_nur_Schienenbahn_(600x450),_StVO_1992.svg
Zusatzzeichen 1048-20 - nur Personenkraftwagen mit Anhänger und Kraftfahrzeug mit einer zul. Gesamtmasse über 3,5 t, ein.png;Public domain;https://commons.wikimedia.org/wiki/File:Zusatzzeichen_1048-20_-_nur_Personenkraftwagen_mit_Anh%C3%A4nger_und_Kraftfahrzeug_mit_einer_zul._Gesamtmasse_%C3%BCber_3,5_t,_einschlie%C3%9Flich_ihrer_Anh%C3%A4nger_und_Zugmaschinen,_ausg._Personenkraftwagen_und_Kraftomnibusse,_StVO_2017.svg
Zusatzzeichen 1049-11- Kraftfahrzeuge und Züge bis 25 km-h dürfen überholt werden, StVO 1992.png;Public domain;https://commons.wikimedia.org/wiki/File:Zusatzzeichen_1049-11-_Kraftfahrzeuge_und_Z%C3%BCge_bis_25_km-h_d%C3%BCrfen_%C3%BCberholt_werden,_StVO_1992.svg
Zusatzzeichen 1049-12 - nur militärische Kettenfahrzeuge, StVO 1992.png;Public domain;https://commons.wikimedia.org/wiki/File:Zusatzzeichen_1049-12_-_nur_milit%C3%A4rische_Kettenfahrzeuge,_StVO_1992.svg
Zusatzzeichen 1049-13 - nur Lkw (Zeichen 1048-12), Kraftomnibus (Zeichen 1048-16) und Pkw mit Anhänger (Zeichen 1048-11).png;Public domain;https://commons.wikimedia.org/wiki/File:Zusatzzeichen_1049-13_-_nur_Lkw_(Zeichen_1048-12),_Kraftomnibus_(Zeichen_1048-16)_und_Pkw_mit_Anh%C3%A4nger_(Zeichen_1048-11),_StVO_1992.svg
Zusatzzeichen 1050-30 - Taxi (600x330), StVO 1992.png;Public domain;https://commons.wikimedia.org/wiki/File:Zusatzzeichen_1050-30_-_Taxi_(600x330),_StVO_1992.svg
Zusatzzeichen 1050-31 - 5 Taxis, StVO BAnz AT 04.09.2025 B2.png;Public domain;https://commons.wikimedia.org/wiki/File:Zusatzzeichen_1050-31_-_5_Taxis,_StVO_BAnz_AT_04.09.2025_B2.svg
Zusatzzeichen 1050-32 - Elektrofahrzeuge während des Ladevorgangs, StVO 2011.png;Public domain;https://commons.wikimedia.org/wiki/File:Zusatzzeichen_1050-32_-_Elektrofahrzeuge_w%C3%A4hrend_des_Ladevorgangs,_StVO_2011.svg
Zusatzzeichen 1050-33 - Elektrofahrzeuge, StVO 2011.png;Public domain;https://commons.wikimedia.org/wiki/File:Zusatzzeichen_1050-33_-_Elektrofahrzeuge,_StVO_2011.svg
Zusatzzeichen 1052-30 - Streckenverbot für den Transport gefährlicher Güter auf Straßen, StVO 1992.png;Public domain;https://commons.wikimedia.org/wiki/File:Zusatzzeichen_1052-30_-_Streckenverbot_f%C3%BCr_den_Transport_gef%C3%A4hrlicher_G%C3%BCter_auf_Stra%C3%9Fen,_StVO_1992.svg
Zusatzzeichen 1052-31 - Streckenverbot für Fahrzeuge mit wassergefährdender Ladung, StVO 1992.png;Public domain;https://commons.wikimedia.org/wiki/File:Zusatzzeichen_1052-31_-_Streckenverbot_f%C3%BCr_Fahrzeuge_mit_wassergef%C3%A4hrdender_Ladung,_StVO_1992.svg
Zusatzzeichen 1053-30 - Parken in gekennzeichneten Flächen erlaubt, StVO 1992.png;Public domain;https://commons.wikimedia.org/wiki/File:Zusatzzeichen_1053-30_-_Parken_in_gekennzeichneten_Fl%C3%A4chen_erlaubt,_StVO_1992.svg
Zusatzzeichen 1053-31 - Mit Parkschein (600x330), StVO 2017.png;Public domain;https://commons.wikimedia.org/wiki/File:Zusatzzeichen_1053-31_-_Mit_Parkschein_(600x330),_StVO_2017.svg
Zusatzzeichen 1053-32 - Gebührenpflichtig (420x231), StVO 2017.png;Public domain;https://commons.wikimedia.org/wiki/File:Zusatzzeichen_1053-32_-_Geb%C3%BChrenpflichtig_(420x231),_StVO_2017.svg
Zusatzzeichen 1053-33 - Massenangabe – 7,5 t (420x231), StVO 2017.png;Public domain;https://commons.wikimedia.org/wiki/File:Zusatzzeichen_1053-33_-_Massenangabe_%E2%80%93_7,5_t_(420x231),_StVO_2017.svg
Zusatzzeichen 1053-34 - Auf dem Seitenstreifen (600x330), StVO 2017.png;Public domain;https://commons.wikimedia.org/wiki/File:Zusatzzeichen_1053-34_-_Auf_dem_Seitenstreifen_(600x330),_StVO_2017.svg
Zusatzzeichen 1053-35 - Bei Nässe (600x600), StVO 2017.png;Public domain;https://commons.wikimedia.org/wiki/File:Zusatzzeichen_1053-35_-_Bei_N%C3%A4sse_(600x600),_StVO_2017.svg
Zusatzzeichen 1053-36 - Durchgangsverkehr, StVO 2017.png;Public domain;https://commons.wikimedia.org/wiki/File:Zusatzzeichen_1053-36_-_Durchgangsverkehr,_StVO_2017.svg
Zusatzzeichen 1053-37 - Massenangabe – 12 t (420x231), StVO 2005.png;Public domain;https://commons.wikimedia.org/wiki/File:Zusatzzeichen_1053-37_-_Massenangabe_%E2%80%93_12_t_(420x231),_StVO_2005.svg
Zusatzzeichen 1053-38 - Querparken als Sinnbild, StVO 2017.png;Public domain;https://commons.wikimedia.org/wiki/File:Zusatzzeichen_1053-38_-_Querparken_als_Sinnbild,_StVO_2017.svg
Zusatzzeichen 1053-39 - Schrägparken als Sinnbild, StVO 2017.png;Public domain;https://commons.wikimedia.org/wiki/File:Zusatzzeichen_1053-39_-_Schr%C3%A4gparken_als_Sinnbild,_StVO_2017.svg
Zusatzzeichen 1053-52 - nur innerhalb gekennzeichneter Parkflächen, StVO 2017.png;Public domain;https://commons.wikimedia.org/wiki/File:Zusatzzeichen_1053-52_-_nur_innerhalb_gekennzeichneter_Parkfl%C3%A4chen,_StVO_2017.svg
Zusatzzeichen 1053-53 - Parken mit Parkschein in gekennzeichneten Flächen (600 x 600), StVO 2017.png;Public domain;https://commons.wikimedia.org/wiki/File:Zusatzzeichen_1053-53_-_Parken_mit_Parkschein_in_gekennzeichneten_Fl%C3%A4chen_(600_x_600),_StVO_2017.svg
Zusatzzeichen 1053-54 - während des Ladevorgangs (600x330), StVO 2022.png;Public domain;https://commons.wikimedia.org/wiki/File:Zusatzzeichen_1053-54_-_w%C3%A4hrend_des_Ladevorgangs_(600x330),_StVO_2022.svg
Zusatzzeichen 1060-11 - auch Fahrräder und Mofas, StVO 1992.png;Public domain;https://commons.wikimedia.org/wiki/File:Zusatzzeichen_1060-11_-_auch_Fahrr%C3%A4der_und_Mofas,_StVO_1992.svg
Zusatzzeichen 1060-30 - Streugut, StVO 1992.png;Public domain;https://commons.wikimedia.org/wiki/File:Zusatzzeichen_1060-30_-_Streugut,_StVO_1992.svg
Zusatzzeichen 1060-31 - Haltverbot auch auf dem Seitenstreifen (600x330), StVO 2017.png;Public domain;https://commons.wikimedia.org/wiki/File:Zusatzzeichen_1060-31_-_Haltverbot_auch_auf_dem_Seitenstreifen_(600x330),_StVO_2017.svg
Zusatzzeichen 1060-32 - Auch Kraftomnibusse und PKW mit Anhängern (im Bereich von LKW-Kontrollen), StVO 2017.png;Public domain;https://commons.wikimedia.org/wiki/File:Zusatzzeichen_1060-32_-_Auch_Kraftomnibusse_und_PKW_mit_Anh%C3%A4ngern_(im_Bereich_von_LKW-Kontrollen),_StVO_2017.svg
Zusatzzeichen 1060-33 - Massenangabe - 2,8 t, StVO 2017.png;Public domain;https://commons.wikimedia.org/wiki/File:Zusatzzeichen_1060-33_-_Massenangabe_-_2,8_t,_StVO_2017.svg
Zusatzzeichen 1060-34 - Haltverbot auch auf dem Seitenstreifen links (600x330), StVO BAnz AT 09.04.2025 B2.png;Public domain;https://commons.wikimedia.org/wiki/File:Zusatzzeichen_1060-34_-_Haltverbot_auch_auf_dem_Seitenstreifen_links_(600x330),_StVO_BAnz_AT_09.04.2025_B2.svg
Zusatzzeichen 2531 - Tollwut! Gefährdeter Bezirk, StVO 1981.png;Public domain;https://commons.wikimedia.org/wiki/File:Zusatzzeichen_2531_-_Tollwut!_Gef%C3%A4hrdeter_Bezirk,_StVO_1981.svg
Zusatzzeichen 2531 - Tollwut! Gefährdeter Bezirk (rot), StVO 1981.png;Public domain;https://commons.wikimedia.org/wiki/File:Zusatzzeichen_2531_-_Tollwut!_Gef%C3%A4hrdeter_Bezirk_(rot),_StVO_1981.svg
Zusatzzeichen 2532 - Wildtollwut! Gefährdeter Bezirk, StVO 1981.png;Public domain;https://commons.wikimedia.org/wiki/File:Zusatzzeichen_2532_-_Wildtollwut!_Gef%C3%A4hrdeter_Bezirk,_StVO_1981.svg
Zusatzzeichen 2532 - Wildtollwut! Gefährdeter Bezirk (rot), StVO 1981.png;Public domain;https://commons.wikimedia.org/wiki/File:Zusatzzeichen_2532_-_Wildtollwut!_Gef%C3%A4hrdeter_Bezirk_(rot),_StVO_1981.svg
